็พคๆๅ,็พคๅ็,QQๅท,ๆงๅซ,Q้พ,ๅฅ็พคๆถ้ด,ๆๅๅ่จๆถ้ด
ไธๅคฉ่ไธๆค,ๅญฆ้ฟไธๅท,1282372301,็ท,6ๅนด,2018/04/09,2021/03/23
ๅญฆ้ฟไบๅท,ๅญฆ้ฟไบๅท,1099355998,ๆช็ฅ,0ๅนด,2022/01/16,2022/01/16
ๆไธ้ช็ณ,ๅญฆ้ฟไธๅท,2017556061,็ท,8ๅนด,2022/01/23,2022/01/23
ๅฝๅฝ,ไน้ฐๆฐดๆจ้ธ,793599495,็ท,11ๅนด,2020/02/22,2021/06/16
่ฅฟๅณ,,1176938057,็ท,11ๅนด,2020/02/23,2021/05/30
ๆงๅบไบไธ,,805752947,ๆช็ฅ,14ๅนด,2020/02/26,2021/01/30
AgAuPtV587,,892153741,็ท,13ๅนด,2020/02/26,2021/10/02
ๆ้ณ๏ฝ็๐ฎๅนดๅคงๅ,ๆณๅญฆ้ๆณๅพ,497739631,ๅฅณ,15ๅนด,2020/02/28,2021/09/22
็ป็ซ้ๆ,,157750702,็ท,11ๅนด,2020/02/29,2021/09/22
็ฟฐ้ฃ,,2316050788,็ท,10ๅนด,2021/01/29,2021/03/28
โโฝโ,,1150358552,็ท,12ๅนด,2021/01/29,2021/04/02
Soldยout,,1352977854,็ท,11ๅนด,2021/02/17,2021/04/09
BetterยNow.,,1821331751,ๅฅณ,10ๅนด,2021/02/17,2021/04/07
ยบเธฑ็ผฑ็ปป่ถๅทฺก,,1609220631,ๆช็ฅ,9ๅนด,2021/02/17,2021/05/02
๐๐ท๐ด๐ฐ๐ต๐ฎ๐ญ๐ฎ,,1687495072,็ท,9ๅนด,2021/02/17,2021/03/26
ๅฝๆฅ,,1172466177,็ท,11ๅนด,2021/02/17,2021/02/17
็ฝ่ฒ้ฃ่ฝฆ,,1825560723,็ท,9ๅนด,2021/02/17,2021/03/30
้ชไน้พ่ฟฝ้ฃ็ข,,530256402,็ท,15ๅนด,2021/02/17,2021/03/08
1320143004,,1320143004,็ท,12ๅนด,2021/02/17,2021/02/17
็นไบฎ็ป่,,917679530,็ท,13ๅนด,2021/02/17,2021/02/17
ไฝ่ฆๅ่ฅๆซๅ,,1534267264,ๅฅณ,11ๅนด,2021/02/17,2021/02/17
ไฝ็ฌไธไธๅ,,2798952694,ๅฅณ,7ๅนด,2021/02/17,2021/03/16
ๅๅค,,2435913719,ๅฅณ,9ๅนด,2021/02/17,2021/03/05
ๆพไบไธชๅฐๅฑๅฑ,,1392299741,ๅฅณ,10ๅนด,2021/02/17,2021/03/29
ะะฝะฐััะฐัะธั,,1159030842,ๅฅณ,11ๅนด,2021/02/17,2021/02/17
็ฝ็ๅ,,1974303215,ๆช็ฅ,9ๅนด,2021/02/17,2021/02/17
blank,่ฏๅญฆๅทฒไธๅฒธ,1500123522,ๅฅณ,5ๅนด,2021/02/17,2021/11/20
ไบๅๅ็,,2569292319,ๅฅณ,7ๅนด,2021/02/17,2021/03/29
flow,,1378263636,ๅฅณ,11ๅนด,2021/02/17,2021/02/17
ๆไธ,,1611412342,ๅฅณ,10ๅนด,2021/02/17,2021/03/31
11:11,,1531828171,ๅฅณ,11ๅนด,2021/02/17,2021/02/17
ใๆฅๅ่ฑ่ถ,,942758378,ๅฅณ,12ๅนด,2021/02/17,2021/02/17
ๆจๅคด,,2697778924,ๅฅณ,9ๅนด,2021/02/17,2021/02/17
ZibinยยL,,850541116,ๆช็ฅ,14ๅนด,2021/02/17,2021/02/17
ๆฏๅคฉ็ป็ไผฝๅง,,517198174,ๅฅณ,13ๅนด,2021/02/17,2021/03/04
^Sky^~~*ๅโฎyeah*,,279632374,็ท,12ๅนด,2021/02/18,2021/02/18
๏ผ,,553941781,็ท,15ๅนด,2021/02/18,2021/02/18
..soour,,1007743069,ๅฅณ,13ๅนด,2021/02/18,2021/02/18
่ทฏๆฏ่ตฐๅบๆฅ็,,1557459425,ๆช็ฅ,11ๅนด,2021/02/18,2021/02/18
็กไธ้,,1773699782,็ท,11ๅนด,2021/02/18,2021/04/14
่ฉนๅงๆฏ-่ตตๅ,,826224862,็ท,14ๅนด,2021/02/18,2021/04/17
ๅดฝๅดฝ,ๅๅ,1424000313,ๅฅณ,11ๅนด,2021/02/19,2021/04/19
ๅๆๆ็ๆตท่ฑ๐ฌ,,2749460650,ๅฅณ,5ๅนด,2021/02/19,2021/03/02
AIๆด้ขจ,ct782,2625169752,็ท,10ๅนด,2021/02/19,2021/03/03
121,,1650531466,็ท,11ๅนด,2021/02/19,2021/03/29
้ธ้ฃ,,1126238278,็ท,11ๅนด,2021/02/19,2021/03/11
โฌยๅฎๆฒ,,1310874783,ๆช็ฅ,12ๅนด,2021/02/19,2021/02/23
Alice,,1626379171,ๅฅณ,8ๅนด,2021/02/19,2021/02/19
ๅๅฟๆฐธๆ,ๅทฒไธๅฒธโๅบไธญ็ง,2538749810,ๆช็ฅ,10ๅนด,2021/02/19,2021/02/24
ๅคฉ็ฉบไธญ็ไธๆตไบ,,2528765122,ๅฅณ,8ๅนด,2021/02/19,2021/04/12
Mr.้ญ,,929617819,็ท,12ๅนด,2021/02/19,2021/03/31
Lei,,821246461,็ท,14ๅนด,2021/02/19,2021/02/19
เญงโคโ๐ธ,,1437016668,ๅฅณ,11ๅนด,2021/02/19,2021/03/25
้่ฎๆ้ฟ,,2271945580,ๅฅณ,10ๅนด,2021/02/19,2021/02/19
Lzdmbgc,,1329507608,็ท,12ๅนด,2021/02/19,2021/04/18
ไปๅคฉๅญฆไนไบๅ๐๐๐,,1721717494,ๅฅณ,10ๅนด,2021/02/19,2021/02/19
Lightยtheยway,,738865752,ๅฅณ,14ๅนด,2021/02/19,2021/02/19
#ๅพไบ้้ฃใ้ฃ่ฟๆ็๏ผ๏ผ,,1596861341,็ท,10ๅนด,2021/02/20,2021/02/22
่่,,871760880,ๆช็ฅ,12ๅนด,2021/02/20,2021/02/20
็ฆ๏ผไธด,,2539996316,็ท,9ๅนด,2021/02/20,2021/04/01
ๆจ,,1559093012,็ท,9ๅนด,2021/02/21,2021/02/21
Q็พค็ฎกๅฎถ,,2854196310,ๆช็ฅ,5ๅนด,2021/02/21,2021/03/01
ไบไธ,,3324298118,ๆช็ฅ,4ๅนด,2021/02/22,2021/03/13
่ฏทๅซๆๅญฆไน,,1720819311,็ท,10ๅนด,2021/02/22,2021/03/01
้ปๆฒโโ,,1575798311,็ท,11ๅนด,2021/02/22,2021/02/22
็็ๅฐๅนดๅ็น,็ปๆตๅญฆยย020101,1019908424,็ท,12ๅนด,2021/02/22,2021/06/22
V,,596155425,ๆช็ฅ,12ๅนด,2021/02/22,2021/02/25
่ๆกๆกLz,,2909548235,ๅฅณ,7ๅนด,2021/02/22,2021/02/25
Cherry,,1347203522,ๆช็ฅ,10ๅนด,2021/02/22,2021/02/23
็ญไธไธช็งๅคฉ,,1804032351,ๅฅณ,8ๅนด,2021/02/23,2021/02/26
็็็,,410686227,ๅฅณ,12ๅนด,2021/02/23,2021/02/23
็งฏๆไน่ง,ไธดๅบๅปๅญฆ,1436065472,็ท,11ๅนด,2021/02/23,2021/04/01
Wonder,,657164090,ๆช็ฅ,15ๅนด,2021/02/23,2021/02/25
้ๅ,,1321538826,็ท,10ๅนด,2021/02/23,2021/02/23
ๆตฎ็็ฌๆธกๅทฑ,,1215841982,็ท,12ๅนด,2021/02/23,2021/02/25
ๆ,,1060131071,ๅฅณ,11ๅนด,2021/02/23,2021/07/02
ๅผๅซๅฐpangๅๅญฆ,,2457333482,ๅฅณ,9ๅนด,2021/02/23,2021/02/23
โฆโฆ,่ฝๆบๅจๅใไธ็ก,1449666711,ๅฅณ,9ๅนด,2021/02/23,2021/04/08
ไบๅๅ็ณๆฆด,,949568975,ๅฅณ,12ๅนด,2021/02/23,2021/02/26
ATree,,2259804522,ๅฅณ,8ๅนด,2021/02/24,2021/03/25
่กๅบฆ็ซนๆ้ฃ,,1622602757,ๅฅณ,11ๅนด,2021/02/24,2022/01/08
heihei,,2908149604,็ท,4ๅนด,2021/02/24,2021/02/24
ๅก็พฝ,,2389510639,็ท,10ๅนด,2021/02/24,2022/01/05
ๅฎณ็พ็็พ้พ,,253976246,ๅฅณ,15ๅนด,2021/02/24,2021/03/16
-,,1209529097,ๅฅณ,12ๅนด,2021/02/24,2021/02/26
ๆๅฟ,,1036991432,ๅฅณ,12ๅนด,2021/02/24,2021/02/24
ๆๆๆธ้ฃ,,1024817677,็ท,13ๅนด,2021/02/24,2021/02/27
ๆ้ไบ่ฟ,,1848046472,ๆช็ฅ,10ๅนด,2021/02/24,2021/04/01
ๅฏๅญ,,1186987240,ๅฅณ,12ๅนด,2021/02/25,2021/04/14
ไนๅฐพ้ธฃไบบ,,2647929910,็ท,9ๅนด,2021/02/25,2021/06/16
M&X,,1544788331,ๅฅณ,7ๅนด,2021/02/25,2021/02/26
ๅธๅ็ๅๅฐ,ๅพไบ้้ฃ,870122225,็ท,14ๅนด,2021/02/25,2021/05/30
้้ปๅณ็ฝ,,1169380721,ๅฅณ,12ๅนด,2021/02/25,2021/02/26
้ย็งๆป,,2628191715,ๆช็ฅ,9ๅนด,2021/02/25,2021/02/25
Dimplesย_,,1054885794,ๅฅณ,10ๅนด,2021/02/25,2021/02/26
ๅๅพๆๅคฉ,,695701216,ๅฅณ,15ๅนด,2021/02/25,2021/02/25
ๆตๆตช็ซ,,1918344998,็ท,9ๅนด,2021/02/25,2021/03/27
ๆธๆฌข,,1084603254,็ท,12ๅนด,2021/02/25,2021/03/26
เฝเฝขเพเฝเผเฝเฝฒเฝเผเฝเพฒเฝ,,522587789,็ท,13ๅนด,2021/02/25,2021/02/25
E,,973961027,ๅฅณ,12ๅนด,2021/02/25,2021/03/23
ๆ็ๅจ,,1339212279,ๅฅณ,10ๅนด,2021/02/25,2021/03/28
ๅณๆ่พนไพ่ต,,1774978688,ๅฅณ,10ๅนด,2021/02/25,2021/08/31
โ_โ,,1345648356,ๅฅณ,11ๅนด,2021/02/25,2021/04/16
็ฆปๆ้ฅ่ฟ,,1462221933,็ท,11ๅนด,2021/02/25,2021/04/02
็ขง่ไนๆ,,1372201874,็ท,11ๅนด,2021/02/25,2021/04/01
็ง้ฃ,,3330249973,ๅฅณ,2ๅนด,2021/02/25,2021/03/20
่้บฆ้ข,,76038144,ๅฅณ,17ๅนด,2021/02/25,2021/03/16
ๆธ~~ๅธๅฅ,,1016552534,ๆช็ฅ,13ๅนด,2021/02/25,2021/02/27
็พๆๆ,,915105192,ๆช็ฅ,12ๅนด,2021/02/25,2021/04/03
High,,3272944319,็ท,4ๅนด,2021/02/25,2021/04/10
ghibli์ข์์,,597567135,็ท,16ๅนด,2021/02/25,2021/02/25
ๆฆไป่ก่ๅนฒๅฟ,,1156032721,ๆช็ฅ,12ๅนด,2021/02/25,2021/03/20
/,,984929280,ๆช็ฅ,11ๅนด,2021/02/25,2021/02/27
้ฅบๅญTIAMO,,460020734,ๆช็ฅ,16ๅนด,2021/02/25,2021/03/12
Bonneยchance,,3065501531,ๅฅณ,6ๅนด,2021/02/25,2021/07/03
ๆๅฐๆตท้,,826471683,็ท,13ๅนด,2021/02/25,2021/03/25
้็ฆพ,,2869362195,ๅฅณ,4ๅนด,2021/02/25,2021/02/25
ๆไปฅไธบ,0854-่ฎก็ฎๆบ,1844678089,็ท,10ๅนด,2021/02/25,2021/02/27
่ฑๅญๅ,,1473551584,ๅฅณ,9ๅนด,2021/02/25,2021/03/24
ๅงๅงไธๅฃ้ฅญๅขๅญ๐,,1329187759,ๆช็ฅ,12ๅนด,2021/02/25,2021/02/25
C^2+L,,1621235931,ๅฅณ,10ๅนด,2021/02/25,2021/02/27
ๆๅคฉ็ๆ,,3465683301,็ท,5ๅนด,2021/02/25,2021/02/25
ไธไธช่ชไฟก็่ๅญ,่ฝฆ่พไธ็ก085500,544576062,็ท,15ๅนด,2021/02/25,2021/03/28
็ฌไธไธ่ไบ,,2572917403,็ท,10ๅนด,2021/02/25,2021/03/25
zhw,,42126275,็ท,20ๅนด,2021/02/25,2021/02/27
ๅฏๅฏ,,1341314650,ๅฅณ,8ๅนด,2021/02/25,2021/03/18
ๅขจๆฏๆ็[ๆฌงใ,,540338517,็ท,12ๅนด,2021/02/25,2021/02/25
่ตตๅๆฟ็็น,,920028385,็ท,14ๅนด,2021/02/25,2021/02/26
ๆๅๅๅ,,3300463279,ๅฅณ,5ๅนด,2021/02/25,2021/02/26
LS,,2727549124,็ท,7ๅนด,2021/02/25,2021/04/13
ๆญขๅณ็ณๆต,,1436524276,ๆช็ฅ,11ๅนด,2021/02/25,2021/02/25
vous,,1831695192,ๅฅณ,10ๅนด,2021/02/25,2021/02/27
ๅถๅฏ่ดต,,847237269,็ท,14ๅนด,2021/02/26,2021/04/29
Pine,,772633143,็ท,11ๅนด,2021/02/26,2021/02/26
้ๆฐดๆตๆทฑ,,2530532659,็ท,10ๅนด,2021/02/26,2021/03/22
โฎๆไธญไบฝ%๏ผๆขฆๅ90ๅนดไปฃ๏ผ,,3066247101,็ท,7ๅนด,2021/02/26,2021/02/26
charon,,2556635531,็ท,8ๅนด,2021/02/26,2021/03/25
โโโ,,2445053688,ๆช็ฅ,10ๅนด,2021/02/26,2021/02/27
IยTookยAยPillยInยIbiza,,1738231983,ๅฅณ,8ๅนด,2021/02/26,2021/02/26
SingleยKing,338่ฎก็ฎๆบๆๅคๅฏ,884549716,็ท,11ๅนด,2021/02/26,2021/11/20
ไน้ฃ็ดๆตช,,1349473401,็ท,11ๅนด,2021/02/26,2021/06/28
ๅขจ,,3304492171,็ท,5ๅนด,2021/02/26,2021/03/16
LL,,1175796356,ๅฅณ,12ๅนด,2021/02/26,2021/02/26
ๆไธชๆฉ็ธๅฟ,,502266256,็ท,16ๅนด,2021/02/26,2021/03/01
ๅๅฎฎๅฝฑ,,583806769,็ท,14ๅนด,2021/02/26,2021/02/26
่ฑๆฌ่ฑ่ฑๅฅถ,,490644152,ๅฅณ,16ๅนด,2021/02/26,2021/02/26
๐ป,,1710147952,ๅฅณ,10ๅนด,2021/02/26,2021/02/26
้ฃ,,2512864639,็ท,9ๅนด,2021/02/26,2021/03/25
Cheerใ,็ฟป็ก,1838012177,ๅฅณ,9ๅนด,2021/02/26,2021/03/29
bottle,,1378210647,ๅฅณ,11ๅนด,2021/02/26,2021/02/27
ๆฉๅญๆ้ฑ๐,,1694987913,ๅฅณ,11ๅนด,2021/02/26,2021/03/29
ๅๅป็ฎ๐ค้ป็ฉทไธ,,540382992,็ท,14ๅนด,2021/02/26,2021/02/26
RGBcatPro,ไธ็ก๏ผๅๆจๆฐดๅฉ,2251387826,็ท,6ๅนด,2021/02/26,2021/02/27
ไธ็นๆตฉ็ถๆฐ,,2678674726,็ท,5ๅนด,2021/02/26,2021/02/27
Schรถne,,2357051624,ๅฅณ,9ๅนด,2021/02/26,2021/03/02
้ขจ่ผ้ฒๆทก,ๆบๆขฐๅทฅ็จไธ็ก,1962142786,็ท,10ๅนด,2021/02/26,2021/09/28
ใใ,,1172816541,ๆช็ฅ,11ๅนด,2021/02/26,2021/02/26
ไธ็ขๆไบฎ,,1024393631,ๆช็ฅ,13ๅนด,2021/02/26,2021/02/28
ๆฒก้ฎ้ข,,825840739,ๅฅณ,14ๅนด,2021/02/26,2021/04/30
ๆ,,1656313740,ๅฅณ,7ๅนด,2021/02/26,2021/02/26
๐,,551935034,ๆช็ฅ,16ๅนด,2021/02/26,2021/02/27
ๆตท็,,455637188,็ท,13ๅนด,2021/02/26,2021/04/01
ๅฏไธใ,,1847403569,ๅฅณ,10ๅนด,2021/02/26,2021/02/26
่ฟท้พๆถฃ็ณ,,215905892,ๅฅณ,14ๅนด,2021/02/26,2021/02/26
Roronoa,,1732992070,็ท,10ๅนด,2021/02/26,2021/02/28
ใ,,1498873462,็ท,9ๅนด,2021/02/26,2021/03/22
ไฝๅ็กไบๅ๏ผ,,2225896074,็ท,10ๅนด,2021/02/26,2021/03/04
Y,,780674230,็ท,12ๅนด,2021/02/26,2021/02/28
ๅฅฝๅฅฝๅๆฃฎ,,2394111685,็ท,10ๅนด,2021/02/26,2021/04/29
pรng้น,่ฎก็ฎๆบไธ็ก0854ยย,1462401747,ๅฅณ,11ๅนด,2021/02/26,2021/02/26
ไธๅ,,947937053,ๆช็ฅ,10ๅนด,2021/02/26,2021/03/01
ๆ,,2589941531,ๆช็ฅ,8ๅนด,2021/02/26,2021/02/26
ใไธๅ็ณใ,็ฏๅขๅญฆ็ก,1024067411,ๅฅณ,8ๅนด,2021/02/26,2021/03/22
Jasmine,่ฏๅญฆ่ฐๅ,1016075884,ๅฅณ,12ๅนด,2021/02/26,2021/03/29
ๅญๅฎ็็ฎ,,904284557,็ท,14ๅนด,2021/02/26,2021/02/26
ๆๆไธๅชๆฒกๅฃ่ข็ใๅฐๅฎๅฝ,085400็ตๅญไฟกๆฏ,609778435,ๆช็ฅ,16ๅนด,2021/02/26,2021/02/28
ๅถ่ฐใใใใใใ,,526716533,็ท,14ๅนด,2021/02/26,2021/04/09
้ฃๆฌ,,1073550267,็ท,13ๅนด,2021/02/26,2021/04/19
kkkk,,2401898572,ๅฅณ,7ๅนด,2021/02/26,2021/03/08
โโ,,1273117599,ๅฅณ,12ๅนด,2021/02/26,2021/02/26
็บ็ป็้ข็ด,,728703415,็ท,7ๅนด,2021/02/26,2021/04/03
.,,122044115,ๆช็ฅ,9ๅนด,2021/02/26,2021/02/26
Tom,,823619090,็ท,13ๅนด,2021/02/26,2021/11/15
ใใใ---min,,2429608400,ๆช็ฅ,10ๅนด,2021/02/26,2021/03/22
ใพ,,268096664,็ท,11ๅนด,2021/02/26,2021/02/26
whiteยtea,,2029421593,ๅฅณ,8ๅนด,2021/02/26,2021/02/26
่ๅ็ฅ้,,2428102258,ๆช็ฅ,10ๅนด,2021/02/26,2021/02/26
่ๅ,็ตๅญไฟกๆฏ,3283146924,ๅฅณ,5ๅนด,2021/02/26,2021/04/01
M.,,2640204865,ๅฅณ,9ๅนด,2021/02/26,2021/02/26
ๅฑฑ่ถ,,1785129486,ๅฅณ,8ๅนด,2021/02/26,2021/03/05
ไธไธจใ,,923908781,็ท,12ๅนด,2021/02/26,2021/04/14
kโz,,734814764,็ท,12ๅนด,2021/02/26,2021/03/31
Arya,,805446187,็ท,14ๅนด,2021/02/26,2021/02/26
่ขซๅบ้ป็ๅฝ็,,543411419,็ท,16ๅนด,2021/02/26,2021/02/26
Wling,,1004753194,ๆช็ฅ,13ๅนด,2021/02/26,2021/04/07
โจโจ๐ณ๐ณ,,1337791643,ๅฅณ,11ๅนด,2021/02/26,2021/03/01
๐,,814550949,ๆช็ฅ,13ๅนด,2021/02/26,2021/03/15
//,,976327919,ๆช็ฅ,13ๅนด,2021/02/26,2021/02/26
สDummyษ,,846897291,็ท,13ๅนด,2021/02/26,2021/08/26
โขAurora๏ฝ,,1727669730,ๆช็ฅ,10ๅนด,2021/02/26,2021/04/02
Julie,,861138036,ๅฅณ,11ๅนด,2021/02/26,2021/02/26
win*,,1005042064,ๅฅณ,12ๅนด,2021/02/26,2021/02/26
็ไนๆณๅธๅฐ่้ธก,,691353607,็ท,15ๅนด,2021/02/26,2021/02/26
ๅผๆบ้,cleamn,3465039850,็ท,5ๅนด,2021/02/26,2021/03/22
โฆโฆโฆโฆโฆโฆ,,2683526047,็ท,9ๅนด,2021/02/26,2021/02/26
wว็ปไธ้้ฟ,,1048380959,็ท,13ๅนด,2021/02/26,2021/03/25
I'mยaยmonster,,1228421377,็ท,12ๅนด,2021/02/26,2021/04/15
WH,,3288687664,ๅฅณ,4ๅนด,2021/02/26,2021/03/23
ๅฟงไผคโกๅซๆฅๆๆ,070503ๅฐไฟก333,1913458052,ๅฅณ,10ๅนด,2021/02/26,2021/03/23
้ฑผๆ๐,,339002141,็ท,14ๅนด,2021/02/26,2021/03/12
Liptawn,,1332461452,ๆช็ฅ,11ๅนด,2021/02/26,2021/03/07
ๆฑคๅ,,1471023394,็ท,10ๅนด,2021/02/26,2021/03/27
็ฏ็ซ้็,,1975659609,็ท,9ๅนด,2021/02/26,2021/02/26
c.c.,,2664604379,็ท,5ๅนด,2021/02/26,2021/03/02
X,,1457615527,็ท,11ๅนด,2021/02/26,2021/04/12
EveryยDay,,1057968886,ๆช็ฅ,12ๅนด,2021/02/26,2021/02/26
่ตท่ชๆฌๅธ,,550115656,ๆช็ฅ,15ๅนด,2021/02/26,2021/03/02
โโ,,752318749,ๅฅณ,13ๅนด,2021/02/26,2021/02/26
เผๅฟๆฒเพเฝผเผๅๆทฉเฟเพเฟเฟ,ๅฅฝๅฟไบบๆก่ตฐๆๅง,1718263499,ๆช็ฅ,9ๅนด,2021/02/26,2021/03/26
ๅฝๅทข,,272101556,ๅฅณ,11ๅนด,2021/02/26,2021/02/28
็บข็ง่,,2212654459,ๆช็ฅ,10ๅนด,2021/02/26,2021/04/10
ไบๅจไบบไธบ.,,1725715971,็ท,9ๅนด,2021/02/26,2021/06/28
ๆญคๅจๅจๆญค,,1223199745,ๅฅณ,12ๅนด,2021/02/26,2021/03/22
sprinter,,940129270,็ท,13ๅนด,2021/02/26,2021/02/26
๐,,1914267684,ๅฅณ,9ๅนด,2021/02/26,2021/02/26
ๆจ้ๅนธ็ฆ็้ญๆณๅธ,,1205970125,็ท,8ๅนด,2021/02/26,2021/03/13
ๆงๅๆก้ธ,,1303840812,็ท,11ๅนด,2021/02/26,2021/02/26
Echo,,2320910165,ๆช็ฅ,1ๅนด,2021/02/26,2021/03/04
ๅฐๆๅฐๆๅคฉๅคฉ้ฆ้ฒค,่ฏๅญฆ,604430985,ๆช็ฅ,10ๅนด,2021/02/26,2021/02/27
้จ้้,,34768090,ๅฅณ,20ๅนด,2021/02/26,2021/04/09
ๅทๅทๆช,,840086030,ๅฅณ,13ๅนด,2021/02/26,2021/03/19
Y,,1778172943,็ท,10ๅนด,2021/02/26,2021/10/20
ไธญๅท็พฝ,,1045706536,ๅฅณ,12ๅนด,2021/02/26,2021/03/14
Jeยt'aime,,2665152691,็ท,9ๅนด,2021/02/26,2021/03/22
ๆธๆๅฎธๅ,,2271475142,ๅฅณ,10ๅนด,2021/02/26,2021/03/20
ๅพไธไธ,,3551486303,ๅฅณ,5ๅนด,2021/02/26,2021/02/26
็็ๅ,,1814049287,็ท,8ๅนด,2021/02/26,2021/09/28
็พๅฝ่ๅคง็นๆฒกๆฎ,,496188425,็ท,13ๅนด,2021/02/26,2021/03/23
โๅคง๏ฝๅคง^_^ๅคง_โ็ฎๅญโฃ,,1554174650,ๅฅณ,10ๅนด,2021/02/26,2021/02/26
่่็ฑๅ่ฑ,,752278872,็ท,13ๅนด,2021/02/26,2021/03/19
ๅฃฐๅฃฐๆข,,2986691884,ๅฅณ,7ๅนด,2021/02/26,2021/02/27
ๅๆฐๆดๆด,่ฝๆบๅจๅ085800,3311925809,็ท,6ๅนด,2021/02/26,2021/03/29
๐ฅ,,1430048611,ๅฅณ,11ๅนด,2021/02/26,2021/03/13
PTEN,,1376564599,ๅฅณ,11ๅนด,2021/02/26,2021/02/26
^SkyeใShine,,399465225,็ท,16ๅนด,2021/02/26,2021/02/26
Kunkiy,,2231859675,็ท,8ๅนด,2021/02/26,2021/03/22
Seven,,852848075,ๆช็ฅ,14ๅนด,2021/02/26,2021/02/26
่ฝฌ่ง,,1042475442,็ท,13ๅนด,2021/02/26,2021/02/26
SkyStar,,992297536,็ท,13ๅนด,2021/02/26,2021/02/26
Flamยฮฑ,ๆๅทฅไบบ,2495777947,็ท,10ๅนด,2021/02/26,2021/04/14
ไธๅคๅคฉ,,1290252987,ๆช็ฅ,11ๅนด,2021/02/26,2022/01/07
็ฉบ็ฉบๅฆไน,,1850407558,ๅฅณ,6ๅนด,2021/02/26,2021/02/26
โป,,1667481099,ๆช็ฅ,11ๅนด,2021/02/26,2021/03/06
ๆทฑ่,,3389835799,็ท,5ๅนด,2021/02/26,2021/02/26
็พๅนด,,2453895298,็ท,9ๅนด,2021/02/26,2021/03/22
ๆๅงฌๅฅณๅฃซ,่ฝฏๅญฆ,2941918393,ๆช็ฅ,8ๅนด,2021/02/26,2021/04/07
ไปฐๆ,,2845892684,็ท,7ๅนด,2021/02/26,2021/03/23
๐ฐLuโ,ไธ็ก๏ผ่ฎพ่ฎก็ฑป,1686567999,ๅฅณ,11ๅนด,2021/02/26,2021/02/27
ไธไธ,,3334829478,ๅฅณ,6ๅนด,2021/02/26,2021/02/26
ๆๆตทๅๅฐ,,2667538584,ๅฅณ,9ๅนด,2021/02/26,2021/02/26
ๅฝๅค,,2827436304,็ท,7ๅนด,2021/02/26,2021/02/26
ThunderousยยSilence,,1730798883,ๆช็ฅ,11ๅนด,2021/02/26,2021/02/26
แฐโโฟโแดHelloโค,,1281144251,ๅฅณ,12ๅนด,2021/02/26,2021/04/21
SEEยITยTHROUGH,,2824408916,ๅฅณ,7ๅนด,2021/02/26,2021/02/26
ๆกๆฆ,,2309176160,็ท,0ๅนด,2021/02/26,2021/03/12
ๆ็ถ็ๅฅถ,,1004293176,ๅฅณ,11ๅนด,2021/02/26,2021/02/26
็พ้ฆๆ,,1053507267,ๆช็ฅ,13ๅนด,2021/02/26,2021/03/02
ๅฟตๅน,,97076918,ๅฅณ,13ๅนด,2021/02/26,2021/04/13
MoonยTeller,,530235373,ๅฅณ,14ๅนด,2021/02/26,2021/03/01
ๅบทๅบท,,371100389,ๆช็ฅ,17ๅนด,2021/02/26,2021/04/22
้ๆ,,862300936,ๅฅณ,12ๅนด,2021/02/26,2021/02/26
เฌฒเฌเฌเฌ,,2603630304,ๅฅณ,10ๅนด,2021/02/26,2021/03/22
๐,,1983765050,ๆช็ฅ,9ๅนด,2021/02/26,2021/02/27
ๅๆฐๅฅถ้ช๐ง๏ธ,,2541575293,ๅฅณ,9ๅนด,2021/02/26,2021/04/23
ๆ้ข,,2394197325,ๅฅณ,10ๅนด,2021/02/26,2021/02/26
ๅๅญ,,1399063775,ๅฅณ,11ๅนด,2021/02/26,2021/04/14
ๆ้ฟ่ทฏๅฅ็ฎ็ป่ฟๆน,็คพไผไธปไนๆฅ็ญไบบ,1356852584,ๅฅณ,8ๅนด,2021/02/26,2021/10/02
ๆไปฌ่ฎค่ฏๅ๏ผ,,1217141041,็ท,12ๅนด,2021/02/26,2021/02/26
ใ,,2425917477,ๆช็ฅ,8ๅนด,2021/02/26,2021/04/09
ๆตท่ๅคฉ,,1251409600,ๅฅณ,8ๅนด,2021/02/26,2021/02/27
่ๆ็ทๅฑ,,137423966,ๅฅณ,15ๅนด,2021/02/26,2021/02/26
็ๅฐๅญ,,1071413460,ๅฅณ,8ๅนด,2021/02/26,2021/02/26
ๆตๆฅๅพฎ็ผ,้ๅๅๅ,3525993426,ๅฅณ,5ๅนด,2021/02/26,2021/03/19
ๆๆ,,1352380629,ๅฅณ,11ๅนด,2021/02/26,2021/03/12
Alinnnnnnn,,1073711033,็ท,12ๅนด,2021/02/26,2021/02/27
ไธซ,,3117273833,ๅฅณ,7ๅนด,2021/02/26,2021/09/26
Garcรญa,,1246465662,็ท,12ๅนด,2021/02/26,2021/02/27
้ปๆ๏ผ็ฆปๅซ,,1055243520,็ท,12ๅนด,2021/02/26,2021/02/27
โฅ่ถ็ฑ^O^ๆจๅญโฅ,,237044524,ๅฅณ,12ๅนด,2021/02/26,2021/03/23
๐ป,,424362290,ๅฅณ,14ๅนด,2021/02/26,2021/02/26
ไนไธ,,254901623,ๅฅณ,15ๅนด,2021/02/26,2021/04/03
ไธๅฆ,,2396066399,ๅฅณ,10ๅนด,2021/02/26,2021/02/28
y,็ต้ไธ็ก336,1796147525,็ท,10ๅนด,2021/02/26,2021/03/30
Jasmine,,982570775,ๅฅณ,13ๅนด,2021/02/26,2021/02/26
ๅโๆตทๆนพ,,1403896102,็ท,12ๅนด,2021/02/26,2021/03/12
Wooo,็ตๅญไธ้ไฟก-332,1909697917,็ท,10ๅนด,2021/02/26,2021/03/19
ไธ้ๅฎ้,,287245933,ๅฅณ,12ๅนด,2021/02/27,2021/03/02
Rememberยthatยwinnerยtakesยall,,2079818984,ๅฅณ,7ๅนด,2021/02/27,2021/03/02
๐พ๏ธ๐พ๏ธ,,3369176538,ๅฅณ,2ๅนด,2021/02/27,2021/02/28
ไธ้ยทๅบท,,1051117854,็ท,12ๅนด,2021/02/27,2021/02/27
horloge,,798943179,็ท,11ๅนด,2021/02/27,2021/03/25
ๆธธไนๅบ,,248464771,็ท,9ๅนด,2021/02/27,2021/03/24
ยยยยยยยยยยยยยยยยยยยยย.,,1585491669,็ท,11ๅนด,2021/02/27,2021/02/28
้่ฐงไธญ็ไธ้้ช็ต,,1090607398,ๆช็ฅ,11ๅนด,2021/02/27,2021/02/27
Nikkiใ,,511430549,ๅฅณ,15ๅนด,2021/02/27,2021/03/03
ๆฎ้ช,ๅญฆ็กๅๅญฆ070302,2031233597,ๅฅณ,7ๅนด,2021/02/27,2021/03/04
ๅ,,435597576,ๆช็ฅ,14ๅนด,2021/02/27,2021/03/25
ไพไปค,,1224072005,็ท,12ๅนด,2021/02/27,2021/04/04
ๆฝๅฏ,,1157315491,ๅฅณ,12ๅนด,2021/02/27,2021/02/27
ๆๅฐฑๅๅฃนๅฃ,,565246915,ๆช็ฅ,12ๅนด,2021/02/27,2021/02/27
#18,,1151618041,็ท,12ๅนด,2021/02/27,2021/03/02
\(^o^)/ๆจๅฃๆดYES๏ผ,,3088646248,ๅฅณ,7ๅนด,2021/02/27,2021/04/13
ๅฎนๆทกไผซ,,1007960676,ๅฅณ,12ๅนด,2021/02/27,2021/02/27
ๅฐ็ๅๅญฆ๐๏ธ,,1024315797,ๅฅณ,13ๅนด,2021/02/27,2021/03/15
่ซๅคฑ่ซๅฟ,,2821442531,็ท,9ๅนด,2021/02/27,2021/09/23
ๅๆๆ,,2636424368,ๆช็ฅ,7ๅนด,2021/02/27,2021/02/27
-HSd-,็ฏๅข083000,779212328,ๆช็ฅ,14ๅนด,2021/02/27,2021/02/27
๐๏ธ,,2034017812,ๅฅณ,7ๅนด,2021/02/27,2021/03/04
J.,,768049819,ๆช็ฅ,13ๅนด,2021/02/27,2021/03/06
Q.,,1738958253,ๅฅณ,11ๅนด,2021/02/27,2021/03/25
ๅณ้ๆ,,969591472,็ท,12ๅนด,2021/02/27,2021/02/27
_cutIeoloGst,,615840687,ๅฅณ,15ๅนด,2021/02/27,2021/03/21
็ปไธๅฐๆจ็ง,,2444521314,ๅฅณ,10ๅนด,2021/02/27,2021/02/27
o็ฏ่ฏo,๏ฝ๏ฝ,870644691,ๅฅณ,13ๅนด,2021/02/27,2021/10/28
่ฐๅจไบๆ็็ฝๆฅๆขฆ,็็ฉไธๅป่ฏ๏ผ้ฃ,1154134232,ๅฅณ,10ๅนด,2021/02/27,2021/04/09
ๆ,,542641365,ๅฅณ,13ๅนด,2021/02/27,2021/02/27
๐ฌ,,867136871,ๆช็ฅ,14ๅนด,2021/02/27,2021/02/27
ๅ็จ,,3345610664,็ท,6ๅนด,2021/02/27,2021/02/27
ย้็ๆผซๅคฉ,,1392941532,็ท,12ๅนด,2021/02/27,2021/03/21
ๅคๅคๅคๅคๅคไธด,็ตๅญไฟกๆฏ085400๏ผ,2905608347,็ท,5ๅนด,2021/02/27,2021/03/08
A,,3503715796,ๅฅณ,5ๅนด,2021/02/27,2021/04/27
ToughยandยTender,,2466560650,็ท,10ๅนด,2021/02/27,2021/03/25
QKM,,2442746721,ๅฅณ,10ๅนด,2021/02/27,2021/02/28
ๅๅญ,,815075271,็ท,14ๅนด,2021/02/27,2021/03/31
๐งธ,,1192281153,ๅฅณ,11ๅนด,2021/02/27,2021/04/23
Cynthia,,1310575075,ๅฅณ,12ๅนด,2021/02/27,2021/02/28
ๆ็ซๆๆฏๅจไธ็,,1392016497,ๆช็ฅ,11ๅนด,2021/02/27,2021/02/27
ไผไบบ็้ๆ็ฌ็ก,,529453157,็ท,14ๅนด,2021/02/27,2021/02/28
โ,,1017240416,ๅฅณ,13ๅนด,2021/02/27,2021/03/31
้้ฑผๆงๆณ้,,2250724461,็ท,2ๅนด,2021/02/27,2021/02/27
Rou.,,1015484879,ๅฅณ,12ๅนด,2021/02/27,2021/03/30
ๅซ็ๆ,็ๅญฆๅๅญฆ,632475520,ๅฅณ,11ๅนด,2021/02/27,2021/04/09
ๆไธญๆ้นฟ,,752164366,ๅฅณ,14ๅนด,2021/02/27,2021/02/27
x้ฟๆๅ,,947905853,ๅฅณ,11ๅนด,2021/02/27,2021/02/27
๐๐ธ๐ป,,1604450343,ๅฅณ,10ๅนด,2021/02/27,2021/03/25
kkk,,3569365782,็ท,0ๅนด,2021/02/27,2021/02/27
่ฅฟๆดฒ,,656020449,็ท,10ๅนด,2021/02/27,2021/05/20
ๅๅๅ,,2066554386,ๅฅณ,8ๅนด,2021/02/27,2021/03/31
่น,309-ๆๆไธๅๅทฅ,1751098076,ๅฅณ,10ๅนด,2021/02/27,2021/07/03
้ถๆๆไธ็็ซย',085800่ฝๆบๅจๅ,974491513,็ท,13ๅนด,2021/02/27,2021/02/27
ๆขฆ่ฝ,,1192884002,็ท,12ๅนด,2021/02/27,2021/02/27
็ช็ชๆผ,,1194894581,ๅฅณ,11ๅนด,2021/02/27,2021/03/13
ๆกๅๅฅใ็,,1348074886,ๆช็ฅ,9ๅนด,2021/02/27,2021/02/27
ษฤฏแตฏโฅแธวฟแบ,,1204184943,็ท,11ๅนด,2021/02/27,2021/02/27
่บๅฟไธ่บ,,1711469443,็ท,11ๅนด,2021/02/27,2021/04/14
"""็?ยๅ_",,954018492,็ท,13ๅนด,2021/02/27,2021/02/27
kakakaka,,2540620291,ๅฅณ,2ๅนด,2021/02/27,2021/03/22
็พฝ็ฝโขไผๆฌก,,980609033,ๅฅณ,12ๅนด,2021/02/27,2021/03/31
๐,,1603433540,ๅฅณ,10ๅนด,2021/02/27,2021/03/24
ๆๆยเธ,,320524662,็ท,6ๅนด,2021/02/27,2021/03/04
้็ฒๅจ้พๅคงๆๅไบๆไธป,,2399633859,ๆช็ฅ,10ๅนด,2021/02/27,2021/04/14
โโ,,1553085684,ๅฅณ,11ๅนด,2021/02/27,2021/03/01
chy,,2078563546,ๆช็ฅ,7ๅนด,2021/02/27,2021/02/27
ๅ็ถๅค้,,2562369563,ๆช็ฅ,6ๅนด,2021/02/27,2021/02/27
่ญ่ๆณช,,1794460692,ๅฅณ,6ๅนด,2021/02/27,2022/01/05
ash,,985974145,็ท,13ๅนด,2021/02/27,2021/03/17
w,ๅญฆ็กยๆบๆขฐๅทฅ็จยw,804170319,็ท,14ๅนด,2021/02/27,2021/05/20
ๅๅๅฆๅ่็็ผ,,1763981537,็ท,10ๅนด,2021/02/27,2021/03/02
ๅฒๆ็ฅๅท,,981529563,็ท,12ๅนด,2021/02/27,2021/02/27
JUNGยKOOK,,1187006472,ๆช็ฅ,12ๅนด,2021/02/27,2021/03/27
ไธๅฝๅธ้ฑผ็้ฒ้ฑผ,,664415251,ๅฅณ,9ๅนด,2021/02/27,2021/03/26
๐,,745801666,ๅฅณ,11ๅนด,2021/02/27,2021/03/08
้ฟๆน,,2282218627,็ท,10ๅนด,2021/02/27,2021/12/29
Yahu,,3315016748,็ท,6ๅนด,2021/02/27,2021/02/27
่ไบ้ฝๆฏๆณช,,464747243,็ท,11ๅนด,2021/02/27,2021/02/28
็พไบบ่ฑ,,1821585011,ๆช็ฅ,10ๅนด,2021/02/27,2021/02/27
ๆๆ,085400็ฝ็ปๅฎๅจย35,252832807,็ท,14ๅนด,2021/02/27,2021/04/01
ๆฐ(โฉ_โฉ)ๆด,,991060499,ๅฅณ,11ๅนด,2021/02/27,2021/02/27
ๆป้ฒไพ,,478582563,็ท,14ๅนด,2021/02/27,2022/01/08
Vincent,,2578498805,็ท,9ๅนด,2021/02/27,2021/02/27
CC,,1473752241,ๅฅณ,11ๅนด,2021/02/27,2021/04/22
-,,895591122,็ท,9ๅนด,2021/02/27,2021/03/22
C.,,1751174745,ๅฅณ,9ๅนด,2021/02/27,2021/04/09
ๅฐๅไนๅฐ้้ข,,2632106175,ๅฅณ,5ๅนด,2021/02/27,2021/02/27
SssupยHcl,,976280221,ๆช็ฅ,12ๅนด,2021/02/27,2021/02/28
.,,1402002924,ๅฅณ,12ๅนด,2021/02/27,2021/02/27
ใฃ.ๆทฑ่ยยยๆต่,ๆฏๅ,1504130251,็ท,11ๅนด,2021/02/27,2021/03/22
ๅคๅคฉ,,1506285825,ๆช็ฅ,11ๅนด,2021/02/27,2021/03/31
ๅพฎ็ฌjpg,ๅๅญฆยๅๆๅๅญฆย0,3284291693,ๅฅณ,6ๅนด,2021/02/27,2021/04/02
ๅฟซๅฟซไนไน,,804474818,็ท,13ๅนด,2021/02/27,2021/02/27
๐,,982505445,ๅฅณ,13ๅนด,2021/02/27,2021/02/27
ๅไฝๆๆขฆ,,1187120218,ๅฅณ,12ๅนด,2021/02/27,2021/05/01
ๆๆฐ,่็็,782473791,็ท,14ๅนด,2021/02/27,2021/04/10
ๆขฆๆฏไผๆฏ,,984414009,็ท,13ๅนด,2021/02/27,2021/03/28
yaya,,1394742349,ๅฅณ,11ๅนด,2021/02/27,2021/02/27
ๅฆๅฆๅฆ,,964923536,็ท,11ๅนด,2021/02/27,2021/04/05
ๅๅๆฏๆๅ,ๅทฒไธๅฒธ,2259201767,ๅฅณ,8ๅนด,2021/02/27,2021/05/20
้ไบไธ่ตท็็่จๆฏ,,782789136,ๅฅณ,12ๅนด,2021/02/27,2021/02/27
sacuriS,,413911367,ๆช็ฅ,17ๅนด,2021/02/27,2021/03/12
็ฝๆๅ,,2816098641,ๅฅณ,9ๅนด,2021/02/27,2021/02/27
ๆๅคฉไผๆดๅฅฝ,,805942821,็ท,10ๅนด,2021/02/27,2021/02/27
TiAmo,,1175203019,ๅฅณ,12ๅนด,2021/02/27,2021/02/27
ๆฐ่ดจๅฐ้ๅนดๅฟ๐,,2571448065,ๅฅณ,10ๅนด,2021/02/27,2021/02/27
haha,,634267287,ๅฅณ,11ๅนด,2021/02/27,2021/02/27
Proudยqueen,,1936530393,ๅฅณ,10ๅนด,2021/02/27,2021/02/27
ไธๅฐบ็ฆๆก,,784401409,ๅฅณ,14ๅนด,2021/02/27,2021/02/27
ๅฐ่ๅๅญฆ,,2433411419,็ท,2ๅนด,2021/02/27,2021/03/30
noora,,1906928919,ๅฅณ,8ๅนด,2021/02/27,2021/03/05
Flamingไธถ,,1078213818,็ท,12ๅนด,2021/02/27,2021/02/27
Sakura,,2953946391,ๅฅณ,7ๅนด,2021/02/27,2021/02/27
ไนฑ่ฑ(เนโขย.ยโขเน),,1542457749,ๅฅณ,11ๅนด,2021/02/27,2021/04/01
ไธๅช้ป่ฒไผ้น๐ง,,1056797125,ๅฅณ,13ๅนด,2021/02/27,2021/03/04
ๅธ็ฝ่ฅฟๆฑ,ๅฟซไน็็ฎๅกไธ,1634445331,ๅฅณ,11ๅนด,2021/02/27,2021/04/14
่ฅ,,759819241,ๆช็ฅ,10ๅนด,2021/02/27,2021/04/02
ๅฐ่ฑ่ฑ,ไบค้่ฟ่พไธ็ก,704750534,็ท,15ๅนด,2021/02/27,2021/12/26
่้ฌฑ้(หห)ใ,,1848602116,ๅฅณ,8ๅนด,2021/02/27,2021/03/15
ydyys,,1336575701,ๅฅณ,10ๅนด,2021/02/27,2021/02/27
Musicยman,,2960375807,็ท,5ๅนด,2021/02/27,2021/06/17
ๆจ้ฉฌ,,2720741081,ๅฅณ,7ๅนด,2021/02/27,2021/02/27
peek-a-boo,,1010296802,ๅฅณ,12ๅนด,2021/02/27,2021/02/27
ๅข,,281497527,ๅฅณ,16ๅนด,2021/02/27,2021/03/02
ๅๅญไปไน้ฝๆฏๆตฎไบ,,2318912293,ๅฅณ,10ๅนด,2021/02/27,2021/03/01
ๆจ็ผ,,1007850788,ๅฅณ,11ๅนด,2021/02/27,2021/03/10
tegami,,879292264,ๅฅณ,14ๅนด,2021/02/27,2021/04/20
่ขๅ็็ๅฐๅฌไธป,,1969529235,ๅฅณ,10ๅนด,2021/02/27,2021/03/29
้ๆจๆฐด็ซๅ,,847730472,็ท,13ๅนด,2021/02/27,2021/02/27
ๆๆต,,1414563303,ๆช็ฅ,11ๅนด,2021/02/27,2021/04/26
95,,1297834724,ๅฅณ,11ๅนด,2021/02/27,2021/03/01
้ฟๅฎ,,317656982,็ท,16ๅนด,2021/02/27,2021/03/05
็กไธ้ฅฑ๐ฅฑ,,1416693686,ๅฅณ,12ๅนด,2021/02/27,2021/02/28
็ญ,,529024529,ๅฅณ,14ๅนด,2021/02/27,2021/03/29
Y.,,1031984705,ๅฅณ,13ๅนด,2021/02/27,2021/02/27
้้่ฑๅ,,2506604537,ๆช็ฅ,7ๅนด,2021/02/27,2021/04/10
ๅฐน*^_^*โ#^_^#,,1210515215,็ท,12ๅนด,2021/02/27,2021/03/02
ๆฉๅญๅณๆดๆดer,,2300870680,ๅฅณ,8ๅนด,2021/02/27,2021/02/28
ๆทก่ฅๆธๆ,,2026194103,ๆช็ฅ,7ๅนด,2021/02/27,2021/04/20
Karl,,532849458,ๆช็ฅ,15ๅนด,2021/02/27,2021/03/19
Mike,,2080324817,็ท,7ๅนด,2021/02/27,2021/03/03
้กบๅญ,,582696653,ๅฅณ,13ๅนด,2021/02/27,2021/02/27
่พ่ๅคด,,490912919,็ท,15ๅนด,2021/02/27,2021/02/27
้ฃๅฐฑ่ฏ่ฏ็,,849142650,็ท,14ๅนด,2021/02/27,2021/02/27
้ช็ช็ๅคช้ณ,ไบค้่ฟ่พไธ็ก,916621491,็ท,13ๅนด,2021/02/27,2021/11/20
&@ๅฟๆฏไธๅคฉใ,,2605550272,ๅฅณ,8ๅนด,2021/02/27,2021/02/27
ไน่ป,,1832618187,ๅฅณ,10ๅนด,2021/02/27,2021/04/01
ๆถ็็,,1075059013,ๅฅณ,13ๅนด,2021/02/27,2021/02/27
โจ,,1825791736,ๅฅณ,10ๅนด,2021/02/27,2021/02/27
ๆผๅๆผยๆธธๅๆธธ,,1376757622,ๅฅณ,11ๅนด,2021/02/27,2021/11/19
็พๅฉ็,,490644271,ๆช็ฅ,16ๅนด,2021/02/27,2021/02/27
ๅฅฝไบๅคๆนๅคชๅคช,,1013425594,ๅฅณ,12ๅนด,2021/02/27,2021/02/28
ๆๆตท,,1748524914,ๆช็ฅ,9ๅนด,2021/02/27,2021/02/27
"ๆธ่ถไธ้ยย""",ๅฃ่ๅปๅญฆ่ฐๅ,320691714,็ท,9ๅนด,2021/02/27,2021/03/06
Thornbird,,469676732,ๅฅณ,14ๅนด,2021/02/27,2021/03/28
้ๅฃ็็,,1198417686,็ท,12ๅนด,2021/02/27,2021/02/27
Vin,,1067675691,็ท,11ๅนด,2021/02/27,2021/02/27
ๅ็ฝๅผ้ๆฐด,,343448180,็ท,16ๅนด,2021/02/27,2021/02/27
ไน้ฃ็ดๆตช,,2846588967,็ท,8ๅนด,2021/02/27,2021/02/27
ๅ้ฃไธ้ฎๅฝๆ,,1375872970,ๅฅณ,11ๅนด,2021/02/27,2021/03/31
้ณ,,1973747521,็ท,10ๅนด,2021/02/27,2021/04/04
ๆจๅ็,,864992029,็ท,13ๅนด,2021/02/27,2021/03/21
ๅ้,ๅบ็ป,2334549540,ๅฅณ,7ๅนด,2021/02/27,2021/02/27
ๆบไป,,3210675303,ๅฅณ,6ๅนด,2021/02/27,2021/02/27
ไธธไธธไธธ(๏ฝข๏ฝฅฯ๏ฝฅ)๏ฝขๅฟ,,981961119,็ท,13ๅนด,2021/02/27,2021/04/09
็็ๅไปไป,,2275741046,็ท,7ๅนด,2021/02/27,2021/03/01
ไธ่งๅฟ,,1712049628,็ท,10ๅนด,2021/02/27,2021/02/27
ๆๅ,,1164082645,็ท,12ๅนด,2021/02/27,2021/04/17
ไธ่่ฟๅฑฑๅคงไธๆน็ฝๅ,้่ไธ็ก,1005711904,ๅฅณ,12ๅนด,2021/02/27,2021/04/08
ไปคไปๅคดๅคงNANANA,,3276459934,ๆช็ฅ,4ๅนด,2021/02/27,2021/03/23
ๆ๏ฝ๏ฝ๏ฝ๏ฝ,,1220934139,็ท,11ๅนด,2021/02/27,2021/02/28
่ๅ,,1195069811,็ท,10ๅนด,2021/02/27,2021/03/01
SFannn,,1224473082,็ท,12ๅนด,2021/02/27,2021/03/15
็ไนๅฆ้ฅดยฐ,,1297206979,ๅฅณ,12ๅนด,2021/02/27,2021/03/30
สษยฐย็ฑไนๆๅง,,499161747,ๅฅณ,15ๅนด,2021/02/27,2021/03/01
็ฏ,,506953034,็ท,15ๅนด,2021/02/27,2021/02/28
Krismileใ,,2401479457,ๅฅณ,9ๅนด,2021/02/27,2021/04/23
DomoM,ไธ็กย085400,1018957098,็ท,13ๅนด,2021/02/27,2021/04/09
ๆๆฏๅฅณไพ้ธญ~,,865765611,ๅฅณ,11ๅนด,2021/02/27,2021/02/27
History,,772644734,็ท,13ๅนด,2021/02/27,2021/02/27
ๅ็ชๆไบๅฑฑๅทงๅๅ,,1070468652,็ท,13ๅนด,2021/02/27,2021/03/19
ไนฐ่ถๅป,,2694201487,็ท,9ๅนด,2021/02/27,2021/02/27
็ฌๅฒ้ฃๆ,,1135903197,ๆช็ฅ,12ๅนด,2021/02/27,2021/03/21
่่ณ,,1807141521,ๅฅณ,9ๅนด,2021/02/27,2021/02/27
kko,,452186318,ๅฅณ,14ๅนด,2021/02/27,2021/03/22
ๅ็ธ้ธก็ๅดฝๅดฝ,,543311913,ๅฅณ,15ๅนด,2021/02/27,2021/02/28
ๆฉๅญ,1204,1359495227,ๅฅณ,11ๅนด,2021/02/27,2021/04/02
ใใ,,1442024720,็ท,11ๅนด,2021/02/27,2021/02/27
่ณๆต,,1401682293,็ท,9ๅนด,2021/02/27,2021/03/12
ๆญไธ่ฏ,,1057142298,็ท,13ๅนด,2021/02/27,2021/03/22
Jude,,760435448,็ท,13ๅนด,2021/02/27,2021/03/12
ไธๅ็ณ,,3481369737,ๅฅณ,5ๅนด,2021/02/27,2021/03/29
ไธๆๅๅจ็,็ตๅญไฟกๆฏๅพฎ็ตๅญ,2462782664,็ท,10ๅนด,2021/02/27,2021/02/27
Ramessesยโก,020200ๅบ็จ็ปๆตๅญฆ,624935668,็ท,15ๅนด,2021/02/27,2021/03/18
fullmoon,,1205263044,ๆช็ฅ,12ๅนด,2021/02/27,2021/02/27
ppp,,732454849,็ท,13ๅนด,2021/02/27,2021/02/28
road,,2940645841,ๅฅณ,7ๅนด,2021/02/27,2021/03/02
้จๅฅๆดๅฅฝ,,1984628232,็ท,10ๅนด,2021/02/27,2021/08/03
โ๏ธ,,383230629,ๆช็ฅ,16ๅนด,2021/02/27,2021/03/30
ๅไธๆ,,1259430156,ๅฅณ,9ๅนด,2021/02/27,2021/03/30
โญ,,1179011634,็ท,12ๅนด,2021/02/27,2021/03/22
๐น,,790952251,ๅฅณ,11ๅนด,2021/02/27,2021/03/24
็ค่,,1876713865,ๅฅณ,6ๅนด,2021/02/27,2022/01/08
L,,1746595350,็ท,11ๅนด,2021/02/27,2021/03/21
ๅไฝๅฆจ,,1139430020,ๆช็ฅ,11ๅนด,2021/02/27,2021/03/02
ๆโญ,,1529213877,็ท,11ๅนด,2021/02/27,2021/03/01
ๅฏๆฒฅ่้ช,,349887960,ๅฅณ,17ๅนด,2021/02/27,2021/04/07
ETHAN,,923492164,็ท,13ๅนด,2021/02/27,2021/02/27
J,,1571194203,ๆช็ฅ,11ๅนด,2021/02/27,2021/02/27
K,,1853552726,ๅฅณ,7ๅนด,2021/02/27,2021/02/27
้ฝใใพใใซใฆๅใ็ซ,,916027583,็ท,12ๅนด,2021/02/27,2021/04/04
้ฟๅฎๆ้,,474367809,ๆช็ฅ,8ๅนด,2021/02/27,2021/02/28
็ๅฟ,,1020274226,ๅฅณ,11ๅนด,2021/02/27,2021/03/02
โ,,1183936700,ๆช็ฅ,10ๅนด,2021/02/27,2021/02/27
็บพ้ฅๅคญๅคญ,,1185326595,ๅฅณ,11ๅนด,2021/02/27,2021/03/15
ๆไบๅ้,็ตๅญไฟกๆฏ,1344756818,็ท,11ๅนด,2021/02/28,2021/04/26
ๆฆ่ค,,529134086,ๅฅณ,14ๅนด,2021/02/28,2021/03/20
DQH,,2952730036,็ท,7ๅนด,2021/02/28,2021/02/28
๐,,1294587014,ๅฅณ,10ๅนด,2021/02/28,2021/02/28
ๅๅถ่,,384867404,ๅฅณ,10ๅนด,2021/02/28,2021/03/14
Ethereal,,872064577,ๆช็ฅ,13ๅนด,2021/02/28,2021/03/27
้ๆขฆ,,1850837950,ๅฅณ,10ๅนด,2021/02/28,2021/02/28
ๅ็ๅ่ฑ,,734737996,็ท,15ๅนด,2021/02/28,2021/02/28
ๅฐ้ปๅคง็ฝ,,425791892,ๅฅณ,14ๅนด,2021/02/28,2021/02/28
่่ๅถ้บฆ,,1239721297,ๅฅณ,11ๅนด,2021/02/28,2021/03/02
ๆซๅถ,,1072143994,ๆช็ฅ,9ๅนด,2021/02/28,2021/05/06
โญโๅญฆๅจๅฝไธ,,1607312075,็ท,11ๅนด,2021/02/28,2021/04/15
ๆฅๆฅๆน้ฟใ,,1870120075,ๅฅณ,10ๅนด,2021/02/28,2021/03/22
้นฟๅฝฑ,,807428920,ๅฅณ,14ๅนด,2021/02/28,2021/04/01
11.11,,1370894510,ๆช็ฅ,10ๅนด,2021/02/28,2021/10/01
้ฃ้,,2909793285,็ท,8ๅนด,2021/02/28,2021/03/29
ๆไฝณๆญๆ,,1053076388,ๅฅณ,9ๅนด,2021/02/28,2021/02/28
~ๆฃ็ไฝ๐,0838Z2-ๅญฆ็ก-่ฑไธ,1143909769,็ท,11ๅนด,2021/02/28,2021/05/06
ๅฐๆๅ็ๅฎถ,,370087212,็ท,12ๅนด,2021/02/28,2021/03/02
z,,2085023745,ๅฅณ,7ๅนด,2021/02/28,2021/12/26
้ฝๅฏไปฅ,,2550047786,็ท,10ๅนด,2021/02/28,2021/03/04
๐,085400ย็ตๅญไฟกๆฏ,1057936257,ๅฅณ,12ๅนด,2021/02/28,2021/03/18
้ชๅฒ่ฟไธๅป๏ผ,,1372998283,ๅฅณ,11ๅนด,2021/02/28,2021/02/28
โ๏ธโ๏ธโ๏ธ,,2646786996,ๅฅณ,9ๅนด,2021/02/28,2021/10/17
ๅฑๅณๆฏ็ๅฐๆชๆช,,1309478661,ๅฅณ,10ๅนด,2021/02/28,2021/02/28
่ฎฉๆ็็ๆฏ่ฐไธ็ปๆๆๅคๆณจ,,799026808,็ท,14ๅนด,2021/02/28,2021/02/28
๐ฌbutian,,2795765362,ๅฅณ,8ๅนด,2021/02/28,2021/04/21
AIactor,,914199779,็ท,12ๅนด,2021/02/28,2021/02/28
ๅนปๆถๆไบ,,2416830064,็ท,10ๅนด,2021/02/28,2021/03/30
ๅฟ่ฏ,,3554127330,ๆช็ฅ,0ๅนด,2021/02/28,2021/02/28
Refrain,refrain,3485330660,ๅฅณ,5ๅนด,2021/02/28,2021/03/29
ๆฝๆ.,,2954230197,ๅฅณ,7ๅนด,2021/02/28,2021/04/14
ๅฏๅฅฝ,,760108017,็ท,12ๅนด,2021/02/28,2021/02/28
^Betsy,,2432554193,ๅฅณ,10ๅนด,2021/02/28,2021/02/28
ร,,707561779,ๅฅณ,13ๅนด,2021/02/28,2021/02/28
่ฟๆท,,1272756610,็ท,11ๅนด,2021/02/28,2021/02/28
็บๆๅ้,็บๆๅ้,2330839895,ๅฅณ,6ๅนด,2021/02/28,2021/04/08
้บฆๅ,,2295107971,็ท,10ๅนด,2021/02/28,2021/03/18
็ฌฌไบๅๅนดๅฌ.,,1464782794,ๅฅณ,11ๅนด,2021/02/28,2021/03/12
TheseDay,,936914182,็ท,12ๅนด,2021/02/28,2021/04/07
Joshua,,1085994123,ๆช็ฅ,11ๅนด,2021/02/28,2021/02/28
Ivy,,1321672289,ๅฅณ,11ๅนด,2021/02/28,2021/03/01
ๅๅธ่ฟๅฐฝไธ่งๅ,,1039205865,็ท,12ๅนด,2021/02/28,2021/03/24
ๅไธ,,3014979786,ๆช็ฅ,7ๅนด,2021/02/28,2021/03/25
DemonยDisperseโ,,690038627,ๅฅณ,12ๅนด,2021/02/28,2021/04/27
_Victorโ,,835893969,็ท,14ๅนด,2021/02/28,2021/02/28
่่ฒๆๆฒณ,,3489510953,ๅฅณ,5ๅนด,2021/02/28,2021/02/28
5ๅท้ขๅฃ่,,577469775,ๅฅณ,11ๅนด,2021/02/28,2021/02/28
Derยtrรคumer,,2976303898,็ท,7ๅนด,2021/02/28,2021/04/01
ๅณๅฎ,,2838207534,ๆช็ฅ,6ๅนด,2021/02/28,2021/03/27
ๅๅญๆ็ฌ,,1679368725,็ท,10ๅนด,2021/02/28,2021/03/24
ๆซๅถ็ปต็ปต,,1727084377,ๅฅณ,10ๅนด,2021/02/28,2021/02/28
Dc_,,1447480810,ๆช็ฅ,11ๅนด,2021/02/28,2021/03/01
-ๅๅๅ-,,1601256638,ๅฅณ,10ๅนด,2021/02/28,2021/03/01
่ฟๆฏๅป็ฌๅฑฑๅง,ไธ็ก-็ตๅญไฟกๆฏ-0,1352724827,็ท,11ๅนด,2021/02/28,2021/02/28
็บๆฐ็็,,2427382110,ๅฅณ,5ๅนด,2021/02/28,2021/03/19
CookieยMonster,,514553001,ๅฅณ,14ๅนด,2021/02/28,2021/02/28
้ณณ็ฅบๅฅๅฑฑ,,849744284,ๅฅณ,8ๅนด,2021/02/28,2021/05/20
ใ,,1024649207,ๅฅณ,11ๅนด,2021/02/28,2021/04/04
ๅๆทผ,,653768522,็ท,12ๅนด,2021/02/28,2021/03/22
ยท,,1176360935,ๅฅณ,12ๅนด,2021/02/28,2021/02/28
L,,2211204884,็ท,10ๅนด,2021/02/28,2021/02/28
ๅฟซไน็ๅฐ็ๅ,,695633854,ๆช็ฅ,13ๅนด,2021/02/28,2021/07/03
Velpro,ๆ่ฒๅญฆๅญฆ็ก,1308366641,ๆช็ฅ,10ๅนด,2021/02/28,2021/04/06
็ถๅฆฎๅ๐,,791904242,ๆช็ฅ,12ๅนด,2021/02/28,2021/02/28
่่ๆถ้ธ,,1010399426,็ท,11ๅนด,2021/02/28,2021/02/28
๐,,2725368725,ๆช็ฅ,7ๅนด,2021/02/28,2021/09/25
ๅไบ,,1193014235,็ท,12ๅนด,2021/02/28,2021/03/19
ๅฟๅฟ,,1318657633,ๅฅณ,12ๅนด,2021/02/28,2021/02/28
ๆฉๅฎ,่ฝๆบๅจๅ,517828867,็ท,13ๅนด,2021/02/28,2021/03/20
่ฅฟๆฃ,,1792015956,็ท,9ๅนด,2021/02/28,2021/03/02
BAOR,,1104654466,ๆช็ฅ,12ๅนด,2021/02/28,2021/02/28
๐,,1694092934,ๆช็ฅ,8ๅนด,2021/02/28,2021/03/17
ไธๅไนๅบฆ็้ฃ,,2674431685,ๅฅณ,9ๅนด,2021/02/28,2021/03/13
Q,,1052636044,ๆช็ฅ,13ๅนด,2021/02/28,2021/02/28
overlord,,542723731,็ท,13ๅนด,2021/02/28,2021/04/26
ๆต็งฐ,,758748574,ๆช็ฅ,8ๅนด,2021/02/28,2021/02/28
Yolanda,,1517287022,ๆช็ฅ,11ๅนด,2021/02/28,2021/02/28
ๅนฝๅฐ,,1457600373,ๅฅณ,11ๅนด,2021/02/28,2021/02/28
@,,1342319761,็ท,11ๅนด,2021/02/28,2021/02/28
้้ป,,3398271948,ๅฅณ,4ๅนด,2021/02/28,2021/03/05
๐Gnomeshgh,,317980715,ๅฅณ,13ๅนด,2021/02/28,2021/03/01
ๆต็ฆป,,3231917522,ๆช็ฅ,6ๅนด,2021/02/28,2021/03/01
ไธๆก็ๆดปๅจ้ๅฐ็้ฑผ๐,,913326424,ๆช็ฅ,11ๅนด,2021/02/28,2021/04/20
ๅฏๅฏๅฏ,,2362012730,ๅฅณ,9ๅนด,2021/02/28,2021/03/28
~ๆๆๅฏ~,,862129407,ๅฅณ,11ๅนด,2021/02/28,2021/02/28
ๅใ,,353862898,ๅฅณ,13ๅนด,2021/02/28,2021/02/28
ไธ็ฆๅฐ90ๆคไธๆน็ฝๅ,,462196035,ๅฅณ,13ๅนด,2021/02/28,2021/03/28
โ๏นโณเนโฆโฆๆธๆฌข,,87084638,็ท,17ๅนด,2021/02/28,2021/03/03
ๆธธๅๆธธ,,1300645822,็ท,10ๅนด,2021/02/28,2021/03/29
ใใใใ,,1113448325,ๅฅณ,12ๅนด,2021/02/28,2021/02/28
่ชๅพ,,2280154403,ๆช็ฅ,8ๅนด,2021/02/28,2021/03/26
ไบๅไธญ็ๆๆๅ,,2946710920,ๅฅณ,8ๅนด,2021/02/28,2021/04/10
้็้กฟๆตไฝ,,1761447041,ๅฅณ,10ๅนด,2021/02/28,2021/03/04
ๅๅ้ๆ,,2411489239,็ท,8ๅนด,2021/02/28,2021/02/28
ๅญๅ,,1754894083,ๅฅณ,9ๅนด,2021/02/28,2021/03/26
่่ๅฐๆฒๅผฅ~,,1069044565,็ท,11ๅนด,2021/02/28,2021/03/12
ๅฏป,,2323316573,ๅฅณ,10ๅนด,2021/02/28,2021/02/28
Tang,,746483422,็ท,14ๅนด,2021/02/28,2021/02/28
็ด่กฃ็ฝ่ฃๆธๆตๅพฎ็ฌ,Aๆบๆขฐไธ็ก,2890136317,ๅฅณ,8ๅนด,2021/02/28,2021/04/04
-ๅตๅตๅต,,752279729,็ท,14ๅนด,2021/02/28,2021/02/28
่ฟฝ้,,874617143,็ท,11ๅนด,2021/02/28,2021/03/29
Jane.,,840463548,ๆช็ฅ,14ๅนด,2021/02/28,2021/02/28
ๅๅคๆ็,,745023615,็ท,14ๅนด,2021/02/28,2021/03/02
ไบฒ็ฑ็่พพ็ฆ้ๆฐ,,784619025,็ท,13ๅนด,2021/02/28,2021/02/28
null,,1145913956,ๅฅณ,12ๅนด,2021/02/28,2021/03/02
ไบๅ็ฝ้้ฑผ,,778303840,็ท,14ๅนด,2021/02/28,2021/02/28
้ฒธ่ฝ,,1362352377,ๆช็ฅ,11ๅนด,2021/02/28,2021/02/28
lhj,,549112261,็ท,14ๅนด,2021/02/28,2021/04/02
่จๆถ,,2486661311,ๅฅณ,8ๅนด,2021/02/28,2021/03/30
7โฃ๏ธ,,475561150,ๆช็ฅ,13ๅนด,2021/02/28,2021/03/26
้ปๆๅผบ,,2790067688,็ท,7ๅนด,2021/02/28,2021/02/28
ใใใ,,1612337478,็ท,11ๅนด,2021/02/28,2021/02/28
ไผ่คๆถฆไบ,ไธ็กย็ตๅญไฟกๆฏย8,945758181,็ท,13ๅนด,2021/02/28,2021/12/29
Leo,,690238898,็ท,14ๅนด,2021/02/28,2021/04/07
ๆ่ฐ็ฑไบบ,ๅฟ็ๅฅๅบท_ๆฒณๅ,734036327,ๅฅณ,12ๅนด,2021/02/28,2021/04/09
ๅค็็ฌฌๅ็ซ,,1147286795,ๆช็ฅ,12ๅนด,2021/02/28,2021/04/14
ๆก้ช,,1781920083,ๅฅณ,10ๅนด,2021/02/28,2021/03/16
ๆธฉๆ็่บๆตๅฐ่ฑ,ๅญฆ็กยๅทฅไธๅฌๅ08,851007139,ๅฅณ,12ๅนด,2021/02/28,2021/02/28
ๅฅฝไนๆฒกๆนๆต็งฐไบ,ไธ็กย็ตๅญไฟกๆฏ08,1289603485,็ท,11ๅนด,2021/02/28,2021/03/28
็นๆ,,2514753669,ๅฅณ,9ๅนด,2021/02/28,2021/03/14
่ๆผๅฐยๅฐ่ฐ,ๅปๅญฆย100100,2071384670,ๆช็ฅ,7ๅนด,2021/02/28,2021/03/31
ไปๆฏๆ้พๅฎๅฎ,,3047859316,ๅฅณ,7ๅนด,2021/02/28,2021/03/20
ppha,,1363855030,็ท,12ๅนด,2021/02/28,2021/02/28
ๅฟๆฐ,่ฑ่ฏญ,664962852,ๆช็ฅ,9ๅนด,2021/02/28,2021/04/05
confidence,,2192296307,ๅฅณ,7ๅนด,2021/02/28,2021/03/11
ๆตทๆตช็ๅฃฐ้ณ,,2274561902,็ท,8ๅนด,2021/02/28,2021/02/28
yyy,085400ยrry,1176225661,ๆช็ฅ,12ๅนด,2021/02/28,2021/03/18
ๅ้ณ่ฑๅผ,,1905216319,็ท,9ๅนด,2021/02/28,2021/04/20
โโฟโ,ๆจๆจ0815,1448935558,ๅฅณ,10ๅนด,2021/02/28,2021/03/22
ๅฅฅๆฏ็นๆดๅคซๅธๆบ,,254288209,ๆช็ฅ,15ๅนด,2021/02/28,2021/03/22
ๆ่ฝๅปไฝๅฎถๅๅทงๅๅๅ,,1192113721,ๅฅณ,7ๅนด,2021/02/28,2021/04/13
ๅฎๅ,,2602544642,็ท,9ๅนด,2021/02/28,2021/02/28
ไธ็ผไบ็,,179902483,็ท,14ๅนด,2021/02/28,2021/04/01
ๅฐๅๅฎ,,1922857878,ๅฅณ,9ๅนด,2021/02/28,2021/03/28
bless,,1124496901,็ท,8ๅนด,2021/02/28,2021/04/02
ๆ่ถ,,2212224557,ๅฅณ,4ๅนด,2021/02/28,2021/02/28
SimsยยAzaleaยยheureuse,,1349056192,ๆช็ฅ,12ๅนด,2021/02/28,2021/02/28
ๅฐ็,,342052635,ๅฅณ,12ๅนด,2021/02/28,2021/03/27
NNC.,,1656996850,ๅฅณ,10ๅนด,2021/02/28,2021/03/20
ๅฐ่ดๅฃณ,,1789160114,ๅฅณ,10ๅนด,2021/02/28,2021/03/26
Sunshine,,1627688411,็ท,10ๅนด,2021/02/28,2021/02/28
ไธไธ,,1073961379,ๅฅณ,13ๅนด,2021/02/28,2021/04/13
xxxx,็ตๅญไฟกๆฏ363,996237275,็ท,13ๅนด,2021/02/28,2021/12/26
ไธญไธญไธญ,,2823249965,ๅฅณ,7ๅนด,2021/02/28,2021/02/28
้ๅ่,,870315120,ๆช็ฅ,10ๅนด,2021/02/28,2021/04/13
ๅญฆๆๆญขๅข๏ผ,,1755645554,็ท,10ๅนด,2021/02/28,2021/04/06
ๅ็่ทๆๆฒกๅณ็ณป,็พๆฏๅญฆ,867823076,ๅฅณ,14ๅนด,2021/02/28,2021/03/07
ไธ่ด,,2801849417,็ท,8ๅนด,2021/02/28,2021/04/01
ไปๅคฉๆฏไธชๅฅฝๆฅๅญ,,1729451432,ๆช็ฅ,10ๅนด,2021/02/28,2021/03/14
MyยPolaris,,1521085352,ๆช็ฅ,8ๅนด,2021/02/28,2021/03/29
่ๅ,,1053678201,ๆช็ฅ,12ๅนด,2021/02/28,2021/04/10
ๅไธๆ,,2496493610,ๆช็ฅ,9ๅนด,2021/02/28,2021/02/28
ๅซไน,,2650188577,ๅฅณ,9ๅนด,2021/02/28,2021/03/04
ๅฐๅญฉโ,0714็ป่ฎกๅญฆ,3516507905,็ท,4ๅนด,2021/02/28,2021/04/15
้ค็ฌ,035101ๆณ็ก๏ผ้ๆณ,1870853634,็ท,9ๅนด,2021/02/28,2021/03/01
ไบบ็่ฅๅชๅฆๅ่ง,,2607695916,็ท,10ๅนด,2021/02/28,2021/02/28
ๆฑๆฎ่,ๆกฅ้ง333,342746433,็ท,12ๅนด,2021/02/28,2021/04/20
็บฏๅฑๆฏๆทก,,827354931,็ท,13ๅนด,2021/02/28,2021/03/14
ๅซไน,,2378274948,ๅฅณ,9ๅนด,2021/02/28,2021/02/28
ไธ็่ถ็,,1454266896,ๆช็ฅ,11ๅนด,2021/02/28,2021/02/28
ๆฐ็ไธๅนด่ฏทๅซๆๅคๅฅ,,1982067039,ๅฅณ,10ๅนด,2021/02/28,2021/03/01
Promise,,1109773320,ๆช็ฅ,12ๅนด,2021/02/28,2021/05/02
Maureen,,357428962,ๅฅณ,7ๅนด,2021/02/28,2021/03/23
๐๐ฏ๐โ๐ฃ๐โบ,,1246633979,็ท,12ๅนด,2021/02/28,2021/05/20
ไธๅ,,505744330,ๅฅณ,13ๅนด,2021/02/28,2021/03/12
ยแฬคฬซอ,,740333203,ๅฅณ,12ๅนด,2021/03/01,2021/03/01
ๆตๅจ้ณๅไธ็ๆตท,,285525164,็ท,15ๅนด,2021/03/01,2021/03/01
้ณๅๅฟซไน็ๅๅฅฝ็ฑ,,1317333768,ๅฅณ,12ๅนด,2021/03/01,2021/03/30
ๅปไบๅงๅง,,919476466,ๅฅณ,13ๅนด,2021/03/01,2021/03/01
ๅซๆ่ๅ่ฏ,,872442102,็ท,13ๅนด,2021/03/01,2021/03/01
ไนๅท๐ก,,2247813491,ๅฅณ,10ๅนด,2021/03/01,2021/03/02
๐ๅฏน็ๆจๆฆๅพฎ็ฌ,,1945495233,ๅฅณ,9ๅนด,2021/03/01,2021/04/02
็ญๅพใใใใ,,2581745860,ๅฅณ,9ๅนด,2021/03/01,2021/03/01
ๆก้ชจ,,993793831,ๅฅณ,13ๅนด,2021/03/01,2021/03/01
ๅฆๆๅๅฟไผ่ฏด่ฏ,,1047551367,ๅฅณ,9ๅนด,2021/03/01,2021/03/22
ๅณๅณ,,276908406,ๅฅณ,11ๅนด,2021/03/01,2021/03/20
๋จ๋ฐฉ,,1449194662,็ท,11ๅนด,2021/03/01,2021/03/22
ไนไนๆๅ็ตยยยโ๏ธ,,1402223236,ๅฅณ,12ๅนด,2021/03/01,2021/03/30
Smileยยฐ,,1269110871,ๅฅณ,12ๅนด,2021/03/01,2021/04/04
่ๆตทๅๆฒไธ,,1140427197,ๅฅณ,11ๅนด,2021/03/01,2021/04/14
Moyritte,,724785088,็ท,14ๅนด,2021/03/01,2021/03/15
ๅธๆ,,738250051,็ท,8ๅนด,2021/03/01,2021/03/01
โๆต็ฌยฐ,,848747498,ๅฅณ,14ๅนด,2021/03/01,2021/03/30
iBoomhooWe,,497660811,ๅฅณ,15ๅนด,2021/03/01,2021/03/12
้ถๆธธ,ๅๅญฆ335,1455681750,ๅฅณ,11ๅนด,2021/03/01,2021/03/03
Triste,ๆฅ่ฏญ่ฏญ่จๆๅญฆ,1145540122,ๅฅณ,10ๅนด,2021/03/01,2021/05/20
ยยยย่ไบบ็ซ,,1245930784,ๆช็ฅ,12ๅนด,2021/03/01,2021/03/01
lydia,,1764311547,ๅฅณ,10ๅนด,2021/03/01,2021/03/12
ๆนๆฝ็งๆ,,490262544,ๅฅณ,15ๅนด,2021/03/01,2021/09/23
ๅๆ,,798892724,ๅฅณ,14ๅนด,2021/03/01,2021/03/01
ๅจๆฐดไธๆน,,973141826,็ท,12ๅนด,2021/03/01,2021/03/13
ๆฉๆ๏ผไปๅ,,1848892688,ๅฅณ,10ๅนด,2021/03/01,2021/03/01
ไฝๆไนๆข็ฉ๏ผ,,1767200514,็ท,8ๅนด,2021/03/01,2021/04/09
Vampireยaristocrat,,3313252269,็ท,6ๅนด,2021/03/01,2021/03/23
ๆฅ้ฃไปฃๆธก,,1844142861,็ท,10ๅนด,2021/03/01,2021/12/09
oo,,783460433,ๅฅณ,9ๅนด,2021/03/01,2021/03/01
ๆฐๅๆฌกๅไธๆฌก่ซไผ่ฑๆฌก,,1257283808,็ท,12ๅนด,2021/03/01,2021/03/01
ๅฐ่ฎ่ฐๅๅฐ่ฎ่ฐ๏ฝ,,2485180492,ๅฅณ,8ๅนด,2021/03/01,2021/03/01
ไพๅคๆฏๅค,,1819139861,ๆช็ฅ,10ๅนด,2021/03/01,2021/03/01
fade,,870062989,ๅฅณ,14ๅนด,2021/03/01,2021/03/01
็ฌ่ช็่็ๅฟซไน,,1550950859,ๅฅณ,11ๅนด,2021/03/01,2021/04/01
ๅคฉ้่ฒ็ญ็้จ,,2449118094,ๅฅณ,10ๅนด,2021/03/01,2021/04/08
ฮฑ,,137859599,็ท,13ๅนด,2021/03/01,2021/03/01
amo,่ฐๅๆฏ็็้พๅ,3486841050,็ท,5ๅนด,2021/03/01,2021/04/07
i'mnobody,ๆฅ่ฏญ่ฏญ่จๆๅญฆ,793345440,ๅฅณ,14ๅนด,2021/03/01,2021/03/24
ไธไธๆ้ชๅ๐,,1258468338,็ท,12ๅนด,2021/03/01,2021/03/10
Yi,,934494891,ๅฅณ,14ๅนด,2021/03/01,2021/03/01
ๆฐดๆปด,,774218645,็ท,14ๅนด,2021/03/01,2021/04/01
ไธๅพๆผ้ฃๅฎ,,379624310,ๆช็ฅ,13ๅนด,2021/03/01,2021/03/27
ๆถๅ้ถๆฒณโจ,็ต็งๅญฆ็กย080900,1447469379,ๅฅณ,11ๅนด,2021/03/01,2021/03/27
Runner,,2423337064,ๅฅณ,10ๅนด,2021/03/01,2021/04/01
๐ปๅๅฏ้กฟ็ฎๅญ,ๆฐๅญฆ,1169844284,ๅฅณ,9ๅนด,2021/03/01,2021/03/21
๐ๅงๆๆชฌๆฑๅฟ,ๅงๆๆชฌๆฑๅฟ,1452915070,็ท,8ๅนด,2021/03/01,2022/01/05
ๆๆ็ฑณ่,,1633501359,ๅฅณ,11ๅนด,2021/03/01,2021/03/01
ๅท่ตทๆฅๅงๅฐๆพ้ผ๏ผ,,1573467652,ๅฅณ,3ๅนด,2021/03/01,2021/03/23
ใ,0401ๅญฆ็กๆ่ฒๅญฆ,2098035131,็ท,8ๅนด,2021/03/01,2021/04/19
JaSon,็คพๅป็ฎก็120402,972584168,็ท,12ๅนด,2021/03/01,2021/03/25
ๅ,,2290547906,ๅฅณ,10ๅนด,2021/03/01,2021/03/01
่ฟๆฏไธช้ด่ฐ๏ผ,,549251024,ๅฅณ,15ๅนด,2021/03/01,2021/03/28
ๅฏๆจ&่ณ่ค,,623060340,็ท,15ๅนด,2021/03/01,2021/03/01
ไบๆพ,ไบ,1563236835,ๅฅณ,9ๅนด,2021/03/01,2021/03/23
LยPย.,03,1005177048,็ท,13ๅนด,2021/03/01,2021/04/04
เญงโคโโ,,1584833186,็ท,10ๅนด,2021/03/01,2021/03/16
๏นใฝๆใๆฎโฐใY,,2212000810,็ท,9ๅนด,2021/03/01,2021/03/01
gg,,1760992579,ๅฅณ,11ๅนด,2021/03/01,2021/03/22
ไฝไนๆฏๅๅๅๅ,,470760028,็ท,16ๅนด,2021/03/01,2021/04/01
ๆฑ่ฐๆๆฏๅฐๅง,,3238469713,ๅฅณ,6ๅนด,2021/03/01,2021/03/12
่ดบๅฟๆๅฅณ็ฅจ,,1787782398,ๅฅณ,10ๅนด,2021/03/01,2021/03/01
ๅๅบฆ้จๅ,,1780902070,ๅฅณ,11ๅนด,2021/03/01,2021/03/07
cloud,,2239533280,ๅฅณ,4ๅนด,2021/03/01,2021/03/01
ไปๅผ่,,1303340370,ๅฅณ,9ๅนด,2021/03/01,2021/04/12
5,,1055397030,ๅฅณ,12ๅนด,2021/03/01,2021/08/31
ๅๅฎๅฝฉ่น,,1026242185,็ท,12ๅนด,2021/03/01,2021/03/01
ๆฒไธๅคงๆฑ,,1311765234,ๆช็ฅ,11ๅนด,2021/03/01,2021/03/01
D.Star,,465075837,็ท,8ๅนด,2021/03/01,2021/03/01
ไบ~้้ฃ้ฃๆฌ,,453993986,็ท,13ๅนด,2021/03/01,2021/03/01
ๅฅไนไธๆฏ,,619822015,็ท,9ๅนด,2021/03/01,2021/03/06
โจ๐,,514532975,็ท,14ๅนด,2021/03/01,2021/04/01
Up,,851427227,ๆช็ฅ,14ๅนด,2021/03/01,2021/03/18
ไบ่ชๆๅฟ,,1823442085,ๅฅณ,10ๅนด,2021/03/01,2021/04/06
ใฎ่่ทๅณ็็ฌ,,1924066034,ๅฅณ,10ๅนด,2021/03/01,2021/03/02
FlightlessยGrayson,,545674853,็ท,13ๅนด,2021/03/01,2021/04/13
ไฝๅผๅฟๅฐฑๅฅฝ,,1819619215,ๆช็ฅ,10ๅนด,2021/03/01,2021/03/15
ๆ้ชไนฆ,E,786919631,็ท,14ๅนด,2021/03/01,2021/03/29
่ฒๅข,,2986467543,็ท,7ๅนด,2021/03/01,2021/03/01
Theยnevers,,3242141781,็ท,6ๅนด,2021/03/01,2021/03/01
ๆฏๆฐด,,1367229438,ๅฅณ,11ๅนด,2021/03/01,2021/04/03
SanยDiego,,1040035628,ๆช็ฅ,13ๅนด,2021/03/01,2021/03/01
ไธ,,1422145340,ๆช็ฅ,11ๅนด,2021/03/01,2021/03/01
ๆขตๆธ,,781942693,ๆช็ฅ,14ๅนด,2021/03/01,2021/03/04
โก,,1052764095,ๅฅณ,13ๅนด,2021/03/01,2021/03/28
ๆต็ฆป,,3253897120,ๅฅณ,6ๅนด,2021/03/01,2021/03/20
"H,",,935478376,็ท,10ๅนด,2021/03/01,2021/03/01
็ฑ,,1014866461,ๅฅณ,13ๅนด,2021/03/01,2021/03/01
liujt,,1184981254,็ท,12ๅนด,2021/03/01,2021/04/06
ใใsummerใ็ฌ,,996086492,็ท,13ๅนด,2021/03/01,2021/04/04
่น็,,624436536,ๅฅณ,15ๅนด,2021/03/01,2021/03/24
็ฅ่ถณ,,1033872320,็ท,13ๅนด,2021/03/01,2021/03/01
ะทะฒะตะทะดะฐย๐,0502,1753039473,ๆช็ฅ,9ๅนด,2021/03/01,2021/04/01
ๅผฅ็,,1500315753,็ท,11ๅนด,2021/03/01,2021/04/12
forlaยgoยonยzndx,,1982841871,ๅฅณ,9ๅนด,2021/03/01,2021/03/22
Deity,,1284537514,ๅฅณ,12ๅนด,2021/03/01,2021/04/10
fighting,,2080254685,ๅฅณ,7ๅนด,2021/03/01,2021/03/14
็ปๆไธไธชๅพฎ็ฌๅฐฑๅคไบโโ,,3082793127,็ท,7ๅนด,2021/03/01,2021/03/30
ๅฐ็็ฎ็็ฎ,085500ไบคไบ่ฎพ่ฎก337,809565068,ๅฅณ,9ๅนด,2021/03/01,2021/07/27
flipped,,1291125024,ๆช็ฅ,10ๅนด,2021/03/01,2021/03/01
ๅฟๅฝ,,491517148,็ท,13ๅนด,2021/03/01,2021/04/01
ๆฆด่ฒๅณi,,2669248220,ๅฅณ,10ๅนด,2021/03/01,2021/12/09
X.,,1036872172,ๅฅณ,13ๅนด,2021/03/01,2021/03/01
vv,,1048505029,ๅฅณ,12ๅนด,2021/03/01,2021/03/03
ยฐๅฎๆฐๅฝ,,905879805,ๅฅณ,13ๅนด,2021/03/01,2021/03/27
็ณๅไธ,,994651882,็ท,13ๅนด,2021/03/01,2021/03/01
้กป่พ,,1094727538,ๅฅณ,12ๅนด,2021/03/01,2021/03/01
ๆตๅฑv,,763727212,ๅฅณ,14ๅนด,2021/03/01,2021/03/14
็ฃท้ธไบ็พไธ้ฎ,,896080534,ๅฅณ,13ๅนด,2021/03/01,2021/03/01
ๅซ้ญ,,1179429530,ๆช็ฅ,12ๅนด,2021/03/01,2021/03/27
ๅธ้ฑผๅ,095300,1299188544,็ท,11ๅนด,2021/03/01,2021/03/17
ไปป้ถ็พ,,2190590387,ๅฅณ,7ๅนด,2021/03/01,2021/03/01
ๆธกๆธๆฌข,,1553122251,็ท,11ๅนด,2021/03/01,2021/03/01
wgn,,2282702374,ๅฅณ,9ๅนด,2021/03/01,2021/03/27
ไธ่ฌ็่ฆยๅฏๆ่ชๆธก,,1754921378,ๅฅณ,11ๅนด,2021/03/01,2021/03/31
ๆๆทฑๆถ่ง้นฟ~,,742614558,ๅฅณ,14ๅนด,2021/03/01,2021/04/02
่ฅๆซ็ฎ่,,2622830548,ๅฅณ,8ๅนด,2021/03/01,2021/03/04
D.Y.,,1326807308,ๆช็ฅ,12ๅนด,2021/03/01,2021/03/12
็ฅๆด้ธ,,2452727970,ๅฅณ,10ๅนด,2021/03/01,2021/03/01
็ๅฅ็ไน้พ,,1509666482,ๅฅณ,11ๅนด,2021/03/01,2021/03/19
vagrancy,,1073404519,็ท,12ๅนด,2021/03/01,2021/03/01
ใ,,2952995795,ๅฅณ,7ๅนด,2021/03/01,2021/03/01
ๅไบๆ้้้ด,,1832951641,ๆช็ฅ,10ๅนด,2021/03/01,2021/06/16
ๅ้ฃ่ฟๅข,,1439785161,็ท,11ๅนด,2021/03/01,2021/07/04
Superman,,1963598975,ๅฅณ,10ๅนด,2021/03/01,2021/03/12
Libra,,1020357837,็ท,11ๅนด,2021/03/01,2021/03/01
โชไบๆฐดไบฆๆน_,____________POOR,1191091804,็ท,12ๅนด,2021/03/01,2021/03/31
ๅคช้ณ่ฑย๐๐๐,,1115848092,ๆช็ฅ,12ๅนด,2021/03/01,2021/04/13
็ง้ไบๅ็ฑณ,,379067263,็ท,13ๅนด,2021/03/01,2021/03/01
Solo,,1448689738,ๅฅณ,11ๅนด,2021/03/01,2021/03/31
ๅฐๅฐๆๆด,,571672284,ๅฅณ,12ๅนด,2021/03/02,2021/03/18
๐,,1062512033,ๅฅณ,13ๅนด,2021/03/02,2021/03/02
Eric_lu,,330200868,็ท,9ๅนด,2021/03/02,2021/03/31
ๅฏๅๅๅ,,2585023545,ๅฅณ,9ๅนด,2021/03/02,2021/03/04
ๅฌๅญๆน็ฝ,,914996115,ๅฅณ,13ๅนด,2021/03/02,2021/06/16
่ไธ้ๆ,้ฃๅๅๅทฅไธๅฎๅจ,1106364351,ๆช็ฅ,10ๅนด,2021/03/02,2021/04/08
ๆถงไธๆฐด,,1269803585,ๆช็ฅ,11ๅนด,2021/03/02,2021/03/08
ๅคๅไธถๅฟไปช,,2920475754,ๅฅณ,8ๅนด,2021/03/02,2021/04/10
ไนไปฑ,,2476809663,ๅฅณ,9ๅนด,2021/03/02,2021/03/02
ๅฏไธๅฏไปฅ,,2218074147,ๅฅณ,5ๅนด,2021/03/02,2021/03/02
ใใใ,,2926066447,ๅฅณ,8ๅนด,2021/03/02,2021/03/21
้ๅฎ,,1248638238,็ท,11ๅนด,2021/03/02,2021/03/20
TheยGreatยFortune,,1090221018,็ท,13ๅนด,2021/03/02,2021/03/02
ๆๆ่ซ่ฆ,,2063009985,ๅฅณ,8ๅนด,2021/03/02,2021/04/06
kobe,081200่ฎก็ง,1010310171,็ท,11ๅนด,2021/03/02,2021/03/25
@ยๆฉๅญๆฉๅญๅคงๆฉๅญ,,1771386358,ๅฅณ,9ๅนด,2021/03/02,2021/03/13
่ฅฟๅๆฑชๅณฐ,,3274560854,็ท,6ๅนด,2021/03/02,2021/03/02
ใคใคใค,,2311260227,็ท,10ๅนด,2021/03/02,2021/03/21
๐งโโ๏ธ,,1458934453,็ท,11ๅนด,2021/03/02,2021/03/29
ๅฟๅนดๆง้,,1693482824,ๆช็ฅ,9ๅนด,2021/03/02,2021/03/02
ๆ(๏ฝก๏ฝฅฯ๏ฝฅ๏ฝก)ๆ,,1910441890,ๅฅณ,10ๅนด,2021/03/02,2021/03/02
ๅพฎๅ,,1931545948,ๅฅณ,5ๅนด,2021/03/02,2021/03/02
ๅพๅ่ตซ,,728775288,็ท,8ๅนด,2021/03/02,2021/03/02
ยยยยยยยยย่ๅ@,,916548115,ๆช็ฅ,12ๅนด,2021/03/02,2021/03/02
้ฟๆฒๆตๆๅปๆๅฃฐ,,384233251,็ท,6ๅนด,2021/03/02,2021/03/02
&~ยY,,465993196,็ท,15ๅนด,2021/03/02,2021/12/26
pleaseยholdยon,,1515851055,ๅฅณ,9ๅนด,2021/03/02,2021/03/03
ร2,ๆฐไผ,1540573078,ๅฅณ,9ๅนด,2021/03/02,2021/03/12
ไนๆณไธๅฒธ,,1441369473,ๆช็ฅ,11ๅนด,2021/03/02,2021/05/20
๐,,1441538066,ๅฅณ,11ๅนด,2021/03/02,2021/03/21
An,,564133413,็ท,12ๅนด,2021/03/02,2021/03/25
DQPMDWYJY.,,2862288144,ๅฅณ,8ๅนด,2021/03/02,2021/03/02
โกMวnโกๆปก,,452342070,็ท,14ๅนด,2021/03/02,2021/03/02
้ฃๆบ่ณ_,,914805939,็ท,9ๅนด,2021/03/02,2021/03/02
YA,,1750475613,ๅฅณ,10ๅนด,2021/03/02,2021/03/02
Chris,,364981850,็ท,12ๅนด,2021/03/02,2021/03/02
Thisยlife-ๅคๅ็ฅไธถๅ้ฆ,085400ย็ตๅญไฟกๆฏ,1051680732,็ท,13ๅนด,2021/03/02,2021/03/29
ๅ้ณ็่่ค,,1574006003,ๅฅณ,11ๅนด,2021/03/02,2021/03/02
Ll,,764713548,็ท,14ๅนด,2021/03/02,2021/05/23
ๅฐๅๅญๅ็ซนๅญ,,694447199,ๅฅณ,15ๅนด,2021/03/02,2021/04/02
Z,,954221779,ๆช็ฅ,12ๅนด,2021/03/02,2021/03/02
Luckyโ,,907853205,็ท,13ๅนด,2021/03/02,2021/03/02
Monly,,877311402,ๅฅณ,12ๅนด,2021/03/02,2021/03/11
Miraitowa,,1320412608,ๅฅณ,12ๅนด,2021/03/02,2021/03/07
SetsunaYA,้่ๅญฆ๏ผ๏ผ๏ผ,1838837552,็ท,10ๅนด,2021/03/02,2021/04/22
ๆผซๆธธ็ฝๅๆ็,,1285613414,็ท,12ๅนด,2021/03/02,2021/04/07
ใ,,2731799349,ๅฅณ,8ๅนด,2021/03/02,2021/03/18
ๆฑไธๅพ(็ฝ็ป็),,915788594,็ท,14ๅนด,2021/03/02,2021/03/06
ๆๅฐ,,353325321,็ท,15ๅนด,2021/03/02,2021/03/16
้ป็ฒฑ,,928868514,็ท,13ๅนด,2021/03/02,2021/03/05
ๆฉๆธฉๆ่ถ,,1694394473,ๅฅณ,10ๅนด,2021/03/02,2021/03/02
ๅฅๅผๆ,,347767459,ๅฅณ,13ๅนด,2021/03/02,2021/04/06
Foreverยyoung,,2538581180,ๆช็ฅ,10ๅนด,2021/03/02,2021/04/14
ไบ็ฅ้้ฃ็ฅ้๐ฐ,,1216669787,ๅฅณ,12ๅนด,2021/03/02,2021/03/27
้ขๅฐ้ฝๆฏๆฒณ,,583440565,ๅฅณ,15ๅนด,2021/03/02,2021/03/02
ใใ,,1635398984,็ท,10ๅนด,2021/03/02,2021/03/02
ไธๅ็ฑณ้ณๅ,,2865806464,ๅฅณ,9ๅนด,2021/03/02,2021/03/02
็ฑๆฐดๆ็่ฅๅฎ,,1125483399,ๆช็ฅ,6ๅนด,2021/03/02,2021/03/02
ๅฐๅฎ,,285499081,ๆช็ฅ,17ๅนด,2021/03/02,2021/05/26
ๅฐ้ฑผ,087100็้พ,1351640583,ๅฅณ,11ๅนด,2021/03/02,2021/03/02
Ly.,,1454033516,็ท,11ๅนด,2021/03/02,2021/03/11
ๅฎ็้ฟๆณข,,914491431,็ท,9ๅนด,2021/03/02,2021/09/25
๐ฒ๐,,2427493071,ๅฅณ,9ๅนด,2021/03/02,2021/03/23
ๆธๆกไป,,1347354882,ๆช็ฅ,12ๅนด,2021/03/02,2021/03/08
Meowๅฐ็ถ๐ฏ,,1208961181,ๅฅณ,12ๅนด,2021/03/02,2021/03/17
ๅฅถ่ถ็ฑๅฅฝ่๏ผ,,977332197,ๅฅณ,3ๅนด,2021/03/02,2021/04/03
่ฐฒ,็ฟป็ก่ฐๅๆฑๆฑไบ,921290454,็ท,12ๅนด,2021/03/02,2021/04/12
luvian,,3521619289,ๅฅณ,5ๅนด,2021/03/02,2021/04/02
ไป้ฆๅผๅผ,,1471469402,ๅฅณ,10ๅนด,2021/03/02,2021/03/02
้่ฎ็้ฟ,,737845329,ๅฅณ,12ๅนด,2021/03/02,2021/03/02
๐,,1091134650,ๆช็ฅ,13ๅนด,2021/03/02,2021/12/01
้่ธยฒ,,2467055479,ๅฅณ,10ๅนด,2021/03/02,2021/05/28
็ฅๆ,,296286290,ๆช็ฅ,15ๅนด,2021/03/02,2021/04/12
ๆชๆฅๅฏๆw,ไฝ่ฒๆ่ฒ่ฎญ็ปๅญฆ,1224139936,ๅฅณ,11ๅนด,2021/03/02,2021/03/03
ๅๆญปไบๆไน็ฅ,,2019934203,็ท,8ๅนด,2021/03/02,2021/03/02
๐ธ๐๐,,1220357247,ๅฅณ,11ๅนด,2021/03/02,2021/03/02
Notatall,,1724090405,ๆช็ฅ,11ๅนด,2021/03/02,2021/03/02
Aยaยs,,646937943,ๅฅณ,15ๅนด,2021/03/02,2021/03/02
ๆฐๆข,,891448041,ๅฅณ,4ๅนด,2021/03/02,2021/03/02
ๅไธ,,1819528120,ๅฅณ,10ๅนด,2021/03/02,2021/03/02
ไบไบ,,2224178058,ๅฅณ,10ๅนด,2021/03/02,2021/03/02
ๅค็ใ็ฝ่กฃ,ๆผๆญไบบๅ้,1499937080,็ท,9ๅนด,2021/03/02,2021/04/04
๏ฝ,,739417018,ๅฅณ,11ๅนด,2021/03/02,2021/03/02
ๅญฆไนๆบ,,459467623,ๅฅณ,13ๅนด,2021/03/02,2021/03/23
",-)ไธๅญๅจ็ๅญๅจ",,1247109664,ๅฅณ,7ๅนด,2021/03/02,2021/03/02
ๆตท็ปตๅจๅฟ,,799802491,ๅฅณ,12ๅนด,2021/03/02,2021/03/02
ยฐMagicโ,,820315637,ๆช็ฅ,13ๅนด,2021/03/02,2021/03/02
ๅ้ณ,,1174907725,ๆช็ฅ,9ๅนด,2021/03/02,2021/03/02
ๅๅฎโข้,,171734148,ๅฅณ,14ๅนด,2021/03/02,2021/04/02
๐ๆ็ๆถ,,1042599803,็ท,13ๅนด,2021/03/02,2021/03/02
ww,,353675954,ๆช็ฅ,13ๅนด,2021/03/02,2021/03/02
เชก๊ช๊ชเฝบ๊ฆฟเนา,,884512700,ๅฅณ,11ๅนด,2021/03/02,2021/03/02
ๆต้ไธ็,,1539008921,ๆช็ฅ,11ๅนด,2021/03/02,2021/03/30
Vicky,,1532220513,ๅฅณ,10ๅนด,2021/03/02,2021/04/14
ๆฑไธ้ฃ,็ตๅญไฟกๆฏ๏ผ350๏ผ,2359398078,ๆช็ฅ,9ๅนด,2021/03/02,2021/03/23
T-,,1477086207,ๅฅณ,11ๅนด,2021/03/02,2021/03/02
ไธฝ,,2194754133,ๅฅณ,7ๅนด,2021/03/02,2021/04/19
ZJ,,572360222,็ท,12ๅนด,2021/03/02,2021/10/24
ๆฉ็ซๅ็,,3132899195,็ท,7ๅนด,2021/03/02,2021/03/02
ๅ็,,2119211473,ๅฅณ,6ๅนด,2021/03/02,2021/09/03
ๅทด้ปๅ,,932335571,็ท,10ๅนด,2021/03/02,2021/03/02
Waldeinsamkeit,,1792220759,็ท,10ๅนด,2021/03/02,2021/03/02
427โ-183โ,,2076566641,็ท,8ๅนด,2021/03/02,2021/03/18
n,,1037693982,็ท,5ๅนด,2021/03/02,2021/03/25
ใๆๅค,,1739033484,ๅฅณ,9ๅนด,2021/03/02,2021/03/02
H.Z,ๅฐ่ต,1214528013,ๅฅณ,12ๅนด,2021/03/02,2021/04/20
ๅฎๆค,็บชๅฝ็ๅฐๅนณ็บฟ,1362579432,ๅฅณ,11ๅนด,2021/03/02,2021/04/14
ไฟกๆบๅฅยไธ็่,,450839276,็ท,13ๅนด,2021/03/02,2021/03/19
NObody,,763139261,ๆช็ฅ,14ๅนด,2021/03/02,2021/04/14
ๆๅญใ,,2727561330,ๅฅณ,7ๅนด,2021/03/02,2021/03/02
๐ฅบ,,1163094019,็ท,12ๅนด,2021/03/02,2021/03/02
ๅฆ็ซฅ,,1586915466,็ท,8ๅนด,2021/03/02,2021/03/11
ไฝฉ็ช,,2512639893,็ท,10ๅนด,2021/03/02,2021/04/09
๐งธ,,2295928508,ๅฅณ,10ๅนด,2021/03/02,2021/03/20
ๆปดๆปดๆธๆ,,2442149838,ๅฅณ,9ๅนด,2021/03/02,2021/03/20
Ooo,,1053801134,ๆช็ฅ,11ๅนด,2021/03/02,2021/03/02
D,,1225388776,็ท,11ๅนด,2021/03/02,2021/03/26
ๆฑๆๆ่้ฟ็ป,085400็ตๅญไฟกๆฏ็ฝ,1379158790,็ท,11ๅนด,2021/03/02,2021/04/10
summer,,947436328,ๆช็ฅ,13ๅนด,2021/03/02,2021/03/02
่ๅซฉ่,,995354267,็ท,13ๅนด,2021/03/02,2021/04/01
็ธ้ๆฏๅบ่ฑๅผ,,1138239320,ๅฅณ,11ๅนด,2021/03/02,2021/04/02
ๆฉๅฎโก,,1045058152,ๆช็ฅ,13ๅนด,2021/03/02,2021/04/16
Mephistopheles,่ๅคๅญฆ352,1216352521,ๅฅณ,12ๅนด,2021/03/02,2021/03/28
๐ช๐พ๐ช๐ฝ๐ช๐ผ๐ช๐ป,,2577032902,ๅฅณ,10ๅนด,2021/03/02,2021/03/02
nInGeRa,,1148567483,ๅฅณ,12ๅนด,2021/03/02,2021/03/02
Cherry,,1204167502,ๅฅณ,10ๅนด,2021/03/02,2021/03/02
Darlene,,847120051,ๅฅณ,13ๅนด,2021/03/02,2021/09/16
ใ้ณๅไธไธถๆตๆต็ฌย_,,1159290383,ๅฅณ,11ๅนด,2021/03/02,2021/03/02
๐ฆ๐ถ๐น๐ฐ,,1260013124,ๅฅณ,12ๅนด,2021/03/02,2021/04/09
ๆถ,,1610209989,็ท,8ๅนด,2021/03/02,2021/03/02
ยๆซ,0832ๅ็ๅฐๆๆ,1965513402,ๅฅณ,9ๅนด,2021/03/02,2021/03/25
ไธ้ไธไผ,,1602165722,็ท,7ๅนด,2021/03/02,2021/03/02
ๅ็ถๅฆ้ช,,2624488253,็ท,8ๅนด,2021/03/02,2021/08/02
็ฆพๆฅๅนบ,,1252489658,ๅฅณ,12ๅนด,2021/03/02,2021/03/17
ๆบบ,,1743877756,ๅฅณ,11ๅนด,2021/03/02,2021/03/15
็ญ็ฑ็ๆดป็ๆพ็ซฅ้,,3022721536,ๅฅณ,6ๅนด,2021/03/02,2021/03/02
ๆจๅญๆฅ่พฐ,,907876428,ๅฅณ,12ๅนด,2021/03/02,2021/03/02
สโขฬซอกโขเฝผส,,1614972991,ๅฅณ,10ๅนด,2021/03/02,2021/03/02
ไปฒๅคๅคไนๆขฆ,,1173345759,ๅฅณ,12ๅนด,2021/03/03,2021/03/03
Cๅ~,,1328768643,ๅฅณ,12ๅนด,2021/03/03,2021/03/03
่ฟ็ผ็ไบ,,1715158817,ๅฅณ,11ๅนด,2021/03/03,2021/03/22
โฆโฆ,,1457707588,ๅฅณ,11ๅนด,2021/03/03,2021/03/03
้ฟๆปก,,1655078874,ๅฅณ,11ๅนด,2021/03/03,2021/03/25
Oz.,่ฎก็ฎๆบ,1355913804,ๆช็ฅ,12ๅนด,2021/03/03,2021/09/24
็ฝๅ,,3450930244,็ท,5ๅนด,2021/03/03,2021/03/03
Agon,ๅปบ็ญๅญฆ,2873486433,ๅฅณ,7ๅนด,2021/03/03,2021/03/03
้ญๆญฆ้้ฃ,ไธ็กย็ตๅญไฟกๆฏ,2111094939,็ท,4ๅนด,2021/03/03,2021/04/08
้่ฝ็ๆง,,1398722259,็ท,11ๅนด,2021/03/03,2021/03/23
Hi,,1249243073,ๅฅณ,11ๅนด,2021/03/03,2021/03/25
่ถ็บง้ป,,403979073,็ท,5ๅนด,2021/03/03,2021/03/03
ๅฐๅๅฐ,,1785655780,ๅฅณ,7ๅนด,2021/03/03,2021/03/25
ๅฐๆจ,,190583730,ๆช็ฅ,14ๅนด,2021/03/03,2021/03/03
แฆแญ้ๆ๊ฆฟเฟ,071010็็ฉๅๅญฆไธ,1051070777,ๆช็ฅ,5ๅนด,2021/03/03,2021/03/03
็ๅฐๆ่ฏท่ฎฉๆGunๅป็๐,,1098418846,็ท,12ๅนด,2021/03/03,2021/05/15
ใคโกโ,,1365400120,ๅฅณ,11ๅนด,2021/03/03,2021/03/29
ๅฐ็ฆๅ,,1552652916,ๅฅณ,10ๅนด,2021/03/03,2021/03/03
Thea.,,2443611437,ๅฅณ,10ๅนด,2021/03/03,2021/03/03
Swing,,1810008408,ๆช็ฅ,9ๅนด,2021/03/03,2021/03/03
ยๅฝทๅพจ,,1763524400,็ท,10ๅนด,2021/03/03,2021/04/05
ๅๆจ,,1602853995,ๅฅณ,8ๅนด,2021/03/03,2021/03/23
stopthistrain,,11233390,ๅฅณ,20ๅนด,2021/03/03,2021/05/26
่น่,,1287152145,็ท,12ๅนด,2021/03/03,2021/03/29
๐,,2101317969,ๆช็ฅ,8ๅนด,2021/03/03,2021/03/03
^vzi^้ช้ช,08็ฎก็็งๅญฆไธๅทฅ,1271939895,ๆช็ฅ,12ๅนด,2021/03/03,2021/03/03
ๅฏไน,,3087294393,ๅฅณ,3ๅนด,2021/03/03,2021/03/10
่ฟๆดป,,821035908,ๅฅณ,13ๅนด,2021/03/03,2021/03/23
ๆถ้ธฆ,,1593059959,ๅฅณ,11ๅนด,2021/03/03,2021/03/03
้ฃ็ๅญฉๅญzz,,289509533,็ท,16ๅนด,2021/03/03,2021/03/13
๐ๆ้ฑ,,2072315631,ๅฅณ,6ๅนด,2021/03/03,2021/03/03
ไฝๅฐไธๅฐๅข๏ผ,,1843435071,ๅฅณ,10ๅนด,2021/03/03,2021/03/03
ๆฒๅฅๅฐ้ฅผๅนฒ๐ซ,,2550709269,ๅฅณ,10ๅนด,2021/03/03,2021/03/03
่ฑๅ่ฃค็พไผข,,1013068321,ๅฅณ,13ๅนด,2021/03/03,2021/03/03
ไธๆนๆงๆๅใๆถผ้ๅ็ๆตๅนด,,1823871942,็ท,10ๅนด,2021/03/03,2021/03/20
ๅๆขฆ,,806069562,ๅฅณ,14ๅนด,2021/03/03,2021/03/03
่ๅฑฑ่ด้ช,,1552667198,ๅฅณ,11ๅนด,2021/03/03,2021/04/13
ๅฆๅฆๅฆๅฆ,,1325358328,ๆช็ฅ,10ๅนด,2021/03/03,2021/11/20
ๆญชยๆญชๆญช,,88599672,็ท,17ๅนด,2021/03/03,2021/04/04
.....,,2445000980,็ท,10ๅนด,2021/03/03,2021/04/18
Peerc,็ตๅญไฟกๆฏ310,97614096,็ท,11ๅนด,2021/03/03,2021/03/03
ๅฎไธญๆผซๆญฅ,,3045184374,็ท,7ๅนด,2021/03/03,2021/03/03
cream,,1349653585,ๅฅณ,11ๅนด,2021/03/03,2021/03/27
DawnยXu,,1659483600,ๅฅณ,10ๅนด,2021/03/03,2021/03/24
ๅๅ้@็ณ็ณ,,1040534909,ๅฅณ,6ๅนด,2021/03/03,2021/03/26
ๅๆฒน,,974817836,ๅฅณ,13ๅนด,2021/03/03,2021/03/03
Charles,085500ๅทฅไธ่ฎพ่ฎก357,727847659,ๆช็ฅ,14ๅนด,2021/03/03,2021/04/04
ๆๆฌฒ,,1723546891,็ท,10ๅนด,2021/03/03,2021/04/07
Erix,,709143265,ๆช็ฅ,14ๅนด,2021/03/03,2021/05/26
ๅทดๆ,,2311757209,ๅฅณ,9ๅนด,2021/03/03,2021/03/25
Monster`็ผฅ็ผ,,2087829724,็ท,7ๅนด,2021/03/03,2021/04/02
ไธๅ,,302754784,ๆช็ฅ,14ๅนด,2021/03/03,2021/03/08
่ดฐ่่ดฐไผ้,,1229878484,็ท,11ๅนด,2021/03/03,2021/03/22
ๆบๆขฐ็พ,,1637992074,็ท,11ๅนด,2021/03/03,2021/07/03
ใ,,1392097188,ๅฅณ,11ๅนด,2021/03/03,2021/03/25
ๆณข้ฒ้ฃ้ทๅคซ,,2418843876,็ท,10ๅนด,2021/03/03,2021/03/29
เญงโคโ๐,็ตๅญไฟกๆฏไธ็ก854,2356543185,็ท,10ๅนด,2021/03/03,2021/04/13
ๆฝๆด็่ฝๅถๅฎๅไฝ็ๅคฉ็,,1219528932,็ท,11ๅนด,2021/03/03,2021/03/03
TTT,,1778323681,ๅฅณ,10ๅนด,2021/03/03,2021/03/30
้ฐๅณฐ,ๆงๅถไธ็ก,1020425195,็ท,12ๅนด,2021/03/03,2021/03/11
ๅ,,244479870,ๅฅณ,16ๅนด,2021/03/03,2021/04/14
็ๅพๆ,,1123237118,็ท,12ๅนด,2021/03/03,2021/04/14
้้ฟ๏ผ,,1145730131,็ท,12ๅนด,2021/03/03,2021/03/03
ๆฏๅง,,961778337,ๅฅณ,13ๅนด,2021/03/03,2021/03/03
็ฆ็ฐ็ๅฒธ,,3036670256,็ท,6ๅนด,2021/03/03,2021/03/03
้ฃไธญๆฒ,,397976271,ๅฅณ,16ๅนด,2021/03/03,2021/05/17
๏ผ,,2030125143,ๅฅณ,7ๅนด,2021/03/03,2021/10/21
็ๅ,,1392771612,ๅฅณ,11ๅนด,2021/03/03,2021/04/01
ๅชๆพๆนๅ็จป,ๆณ็ก้ๆณ,482941969,ๅฅณ,8ๅนด,2021/03/03,2021/03/03
Flowersโจ,,1289662103,ๅฅณ,11ๅนด,2021/03/03,2021/03/03
ไธ่ฉผโฒ,,896334378,ๆช็ฅ,13ๅนด,2021/03/03,2021/03/03
้ฃ,,747913816,ๆช็ฅ,14ๅนด,2021/03/03,2021/03/05
็ฒไนไธไธ,,1186918893,็ท,12ๅนด,2021/03/03,2021/03/03
Iridescent๐ป,,981239093,ๅฅณ,13ๅนด,2021/03/03,2021/03/03
letsgowarriors,,1714500086,็ท,11ๅนด,2021/03/03,2021/04/07
ๅ้ๅๅฟ,่ดฏๅถ้ไธๆก,1279777262,็ท,11ๅนด,2021/03/03,2021/12/26
้ป็ชๅ๏ผ,,369849077,็ท,7ๅนด,2021/03/03,2021/03/23
.,,2199984035,ๅฅณ,8ๅนด,2021/03/03,2021/03/03
้่ง,,970500650,ๅฅณ,11ๅนด,2021/03/03,2021/03/03
ๆ~,,905341841,ๅฅณ,13ๅนด,2021/03/03,2021/03/03
ๅๅๅๅ,,1493692824,ๅฅณ,7ๅนด,2021/03/03,2021/03/03
ๆธฉ่'sยๅงๅง,,489671630,ๅฅณ,16ๅนด,2021/03/03,2021/03/03
ๆฒ้ฅๆธ้ฃ,,1002648771,็ท,12ๅนด,2021/03/03,2021/04/14
ๆๅฝฑใ่พฐๅ,,1913545899,็ท,10ๅนด,2021/03/03,2021/03/03
ๆๅ,,1156562662,็ท,10ๅนด,2021/03/03,2021/03/03
L.,,1253388547,ๅฅณ,12ๅนด,2021/03/03,2021/03/03
L,,2315268461,ๅฅณ,9ๅนด,2021/03/03,2021/03/03
ๆฌฒๆด็ๅยๅฟๆฟๅถ้,,3556608755,ๅฅณ,4ๅนด,2021/03/03,2021/03/20
ไธถ,,1520105386,็ท,11ๅนด,2021/03/03,2021/03/03
-,ๅญฆ็กยๅฐๅพๅญฆไธ,821371137,ๅฅณ,12ๅนด,2021/03/03,2021/03/04
ๅซ่พพ้ธ็ๅฅฝ,,3014655656,็ท,5ๅนด,2021/03/03,2021/03/29
๏ผ,,787875670,็ท,11ๅนด,2021/03/03,2021/03/30
ๅทดๅฆๅฆๅฐ้ญไป,,2189259521,ๆช็ฅ,1ๅนด,2021/03/03,2021/03/03
ไธๅฆๆขๅพ,,1347735155,็ท,11ๅนด,2021/03/03,2021/03/03
็็ไธๆฏ,,2625949409,ๅฅณ,6ๅนด,2021/03/03,2021/03/03
ๆฃฎๆ,,1911863348,ๅฅณ,10ๅนด,2021/03/04,2021/03/04
ๅฟไบ่ชๆ,,921414154,็ท,12ๅนด,2021/03/04,2021/03/04
Mrs.Zhang,,307496101,ๅฅณ,10ๅนด,2021/03/04,2021/09/24
ๅฐๆ้ฃ,,2673959537,็ท,3ๅนด,2021/03/04,2021/04/13
ๆพ,,438174231,็ท,14ๅนด,2021/03/04,2021/03/04
~โY~โฅโ~,,1402871587,็ท,11ๅนด,2021/03/04,2021/03/04
ไพ,,1628751002,ๅฅณ,11ๅนด,2021/03/04,2021/04/22
ไธๆ่่ก,,792030827,็ท,12ๅนด,2021/03/04,2021/03/08
Ord1nAryยฐ,,1170197101,ๅฅณ,11ๅนด,2021/03/04,2021/03/04
้็ถ,,1953174540,็ท,7ๅนด,2021/03/04,2021/03/04
FiveยHunderdยMiles,,535546558,็ท,11ๅนด,2021/03/04,2021/03/04
ๅๆธฏ๐,,1480484007,็ท,7ๅนด,2021/03/04,2021/03/28
ๆท็ฑณ,,3265353341,ๅฅณ,6ๅนด,2021/03/04,2021/03/22
่ๅฅถๅฅถ็ๅฐๅฏ็ฑ,,1340380869,ๅฅณ,11ๅนด,2021/03/04,2021/03/04
ๆ็กไธปไน,,2871463096,็ท,7ๅนด,2021/03/04,2021/03/18
ยยยยยยๆขๆขๆยท,ไฝ่ฒไธ็ก331,736206287,ๅฅณ,13ๅนด,2021/03/04,2021/03/23
402014125,,402014125,็ท,10ๅนด,2021/03/04,2021/04/10
้ฆ่,,862839391,็ท,12ๅนด,2021/03/04,2021/03/04
ใคย็ใๆใLรถฮฝร,,763442390,ๅฅณ,14ๅนด,2021/03/04,2021/04/03
ๆๅไน่พ,,599303130,ๅฅณ,12ๅนด,2021/03/04,2021/03/29
โ๐ไธๅชๅฐๅป็ฅ,,2456750993,ๅฅณ,10ๅนด,2021/03/04,2021/03/04
็ปฝๆพใ่ๅฌ,,1079954479,ๅฅณ,12ๅนด,2021/03/04,2021/03/20
I,ไธ็กๆบๆขฐย336,869029046,็ท,11ๅนด,2021/03/04,2021/03/15
ๅคงๅ่ฑ,้ไฟกๅญฆ็กๅคงๅ่ฑ,2606175557,ๆช็ฅ,9ๅนด,2021/03/04,2021/03/29
้ฃๅนดๅฌๅคฉ,,2822475964,ๆช็ฅ,3ๅนด,2021/03/04,2021/03/22
ๅฒๅฒๅฒ,,463540273,ๅฅณ,11ๅนด,2021/03/04,2021/03/04
๐,,1140032561,ๅฅณ,12ๅนด,2021/03/04,2021/03/29
้ๅฑฑ,,943548925,็ท,13ๅนด,2021/03/04,2021/03/04
AN,,1820463069,ๅฅณ,10ๅนด,2021/03/04,2021/04/14
ไฝ็่ตทๆฅๅพๅฅฝๅ็ๆทๅญ,,1012013634,ๅฅณ,4ๅนด,2021/03/04,2021/03/20
ๅๅฝๅๅฝ,,1419926542,ๅฅณ,12ๅนด,2021/03/04,2021/04/14
:(,็ตๅญไฟกๆฏ343,318321417,็ท,9ๅนด,2021/03/04,2021/04/09
lsn,,2292720574,ๅฅณ,9ๅนด,2021/03/04,2021/03/04
็ฑๅ็ฆ่็่ๅญ,,1121815102,็ท,12ๅนด,2021/03/04,2021/03/29
่ตโ้ฃๆต,0305้ฉฌ้ข,1378325923,็ท,11ๅนด,2021/03/04,2021/03/28
ไฟกๅฟตใ,,1524612852,ๅฅณ,11ๅนด,2021/03/04,2021/03/10
ๅๆต,,2285504867,็ท,8ๅนด,2021/03/04,2021/03/04
GelmanยSparrow,,980724220,ๆช็ฅ,13ๅนด,2021/03/04,2021/04/15
ๅตไบไธชๅต,,1420473083,ๅฅณ,11ๅนด,2021/03/04,2021/03/04
ไธๅฎไธฝ,,2965941407,ๅฅณ,8ๅนด,2021/03/04,2021/03/04
Lumos,,1727979833,ๅฅณ,10ๅนด,2021/03/05,2021/03/05
้ธ,,2319058233,ๅฅณ,4ๅนด,2021/03/05,2021/03/26
Swing,,2978202126,ๅฅณ,7ๅนด,2021/03/05,2021/04/04
ๆด้บป่ฑ๐ต,,2398061016,ๆช็ฅ,9ๅนด,2021/03/05,2021/03/05
ๅฐฑ่ฟๅฅฝ,,503627901,็ท,15ๅนด,2021/03/05,2021/03/05
๐ฟCola,,792682230,็ท,9ๅนด,2021/03/05,2021/12/13
โๆ(=^ย^=),,2466951801,ๆช็ฅ,9ๅนด,2021/03/05,2021/03/19
็ฎๆถ,,916944544,็ท,12ๅนด,2021/03/05,2021/03/22
ๅ่ๆฝไธบ็ฅๅฅ,,951468421,็ท,13ๅนด,2021/03/05,2021/03/05
-็็ฝ,,497696645,ๅฅณ,15ๅนด,2021/03/05,2021/03/05
็ซๅปๆ,,1093690583,็ท,12ๅนด,2021/03/05,2021/04/15
ๆฏ้,่ฅฟๅปไธ็กย319,1522437132,ๅฅณ,11ๅนด,2021/03/05,2021/03/11
ๅ้ๅปๅพ,,2946595634,็ท,8ๅนด,2021/03/05,2021/03/23
ๆฉ็ซ,,1972332101,ๅฅณ,10ๅนด,2021/03/05,2021/03/06
ไป,,438161330,ๆช็ฅ,14ๅนด,2021/03/05,2021/03/31
้ป้ฃๅฏจ,,1285217391,ๅฅณ,11ๅนด,2021/03/05,2021/04/09
ๆ,,2437549045,็ท,10ๅนด,2021/03/05,2021/03/05
็ไป,,1336695051,ๅฅณ,12ๅนด,2021/03/05,2021/03/22
ๅธ็ฝ่ฅฟๆฑ,,478761350,ๅฅณ,13ๅนด,2021/03/05,2021/03/05
๐,,280674523,ๆช็ฅ,15ๅนด,2021/03/05,2021/03/26
ๅคฉไบฎไบ,,857644487,็ท,14ๅนด,2021/03/05,2021/03/07
JJJoclyn,,2509298644,ๅฅณ,10ๅนด,2021/03/05,2021/03/05
ๅไบบ~,,1849539220,ๅฅณ,8ๅนด,2021/03/05,2021/04/04
่ฝ,,1191182067,็ท,12ๅนด,2021/03/05,2021/03/26
ๅน้,135107็พๆฏ360๏ผๆฅ,377127734,ๅฅณ,12ๅนด,2021/03/05,2021/04/26
้ฉฌๅก้พ,,3173537786,ๅฅณ,6ๅนด,2021/03/05,2021/03/05
Gtxy,,577481980,ๆช็ฅ,11ๅนด,2021/03/05,2021/03/05
ๅชไธบไธๆ,,2843512335,็ท,6ๅนด,2021/03/06,2021/03/12
justยdoยit,,513248026,็ท,8ๅนด,2021/03/06,2021/03/22
็ฉ็พ,,625102714,ๅฅณ,11ๅนด,2021/03/06,2021/03/06
Mercury,,1551334169,ๅฅณ,11ๅนด,2021/03/06,2021/03/17
Carolina,,729715650,ๆช็ฅ,10ๅนด,2021/03/06,2021/04/03
่ฟฝๆๆขฆ,,1046781498,็ท,13ๅนด,2021/03/06,2021/04/07
.,,814449520,ๅฅณ,13ๅนด,2021/03/06,2021/03/29
๐,,1356311842,ๅฅณ,11ๅนด,2021/03/06,2021/03/06
้ปๅคฉ้น,,772172492,ๅฅณ,11ๅนด,2021/03/06,2021/03/22
WW,,1445319336,ๅฅณ,9ๅนด,2021/03/06,2021/08/29
youยcan,,2656637487,ๆช็ฅ,9ๅนด,2021/03/06,2021/03/06
ๆฑคไธ็ไธ,,908618060,็ท,12ๅนด,2021/03/06,2021/03/12
ๅฐๆธๆฐโข่่ท็ณ,,1817780137,็ท,8ๅนด,2021/03/06,2021/03/06
ๅฎๅฎ่ฅ,,1063234191,ๅฅณ,9ๅนด,2021/03/06,2021/03/06
W,,2779373632,ๅฅณ,7ๅนด,2021/03/06,2021/03/06
ๆณๆบไบๆญฃไน๏ผๆญฃไนๆบไบ็ๆง,,2470506921,็ท,9ๅนด,2021/03/06,2021/03/06
้จไธ่ช็ฅ,ๅญฆ็ก๏ผ็ตๅญไฟกๆฏ,3405458501,็ท,5ๅนด,2021/03/06,2021/03/06
yian,,1210144427,ๆช็ฅ,12ๅนด,2021/03/06,2021/03/17
ๆขฆๆ,็ตๅญไฟกๆฏ085400ยย,2315606744,ๆช็ฅ,10ๅนด,2021/03/06,2021/05/08
ไธถ,,920032739,็ท,14ๅนด,2021/03/06,2021/03/06
็่ๆฟ,,550082402,็ท,9ๅนด,2021/03/06,2021/04/10
Lumiรจre,085400ยไฟกๆฏไธ็ก,1427164913,ๆช็ฅ,11ๅนด,2021/03/06,2021/03/21
+,,1536244898,ๆช็ฅ,11ๅนด,2021/03/06,2021/03/13
ไธ้ฑผ,,2085871378,ๅฅณ,7ๅนด,2021/03/06,2021/03/06
้ป้ป้ป,,1185471082,็ท,12ๅนด,2021/03/06,2021/04/06
horizonใ,,605318088,็ท,15ๅนด,2021/03/06,2021/03/14
๐ค,,853130413,ๅฅณ,13ๅนด,2021/03/06,2021/03/08
Oneยday,,1248252223,ๅฅณ,11ๅนด,2021/03/06,2021/03/20
้กพๅฑฟๅๆญ,,874471367,ๅฅณ,10ๅนด,2021/03/06,2021/03/06
่ชๆธก,,245390257,ๅฅณ,13ๅนด,2021/03/06,2021/04/14
ไธๅฐงๅฌ,,347190053,็ท,14ๅนด,2021/03/07,2021/03/15
โ~PERCENT~๏ผ,,605421551,ๅฅณ,14ๅนด,2021/03/07,2021/03/07
ๅไบๅฏไธ,,978347668,็ท,13ๅนด,2021/03/07,2021/03/30
่ๆฑๆ้ฑnm,,1512229476,็ท,11ๅนด,2021/03/07,2021/03/07
ฮพยๆตฎๅๆฒงๆกย่ฐไธบ่ฐไผคยโ,,1774453450,ๆช็ฅ,11ๅนด,2021/03/07,2021/04/13
๐ฆ,็ฏๅข่ฎพ่ฎก350,1653687010,ๅฅณ,9ๅนด,2021/03/08,2021/03/09
W.,,1415340239,ๅฅณ,12ๅนด,2021/03/08,2021/03/29
K',,1471813924,ๅฅณ,11ๅนด,2021/03/08,2021/03/20
็ดๅฆ็ฒพๅ,,1812607787,ๅฅณ,9ๅนด,2021/03/08,2021/03/29
่ท,,1982710276,ๅฅณ,10ๅนด,2021/03/08,2021/03/08
ไปๅคฉๅฐ็พๅผๅฟไบๅ,,309726595,ๆช็ฅ,15ๅนด,2021/03/08,2021/03/29
Lu,,1241722587,ๅฅณ,12ๅนด,2021/03/08,2021/03/08
Oops๏ผ,,917587129,็ท,13ๅนด,2021/03/08,2021/03/08
ไบ็ฅ้,,1551659211,็ท,11ๅนด,2021/03/08,2021/03/08
ๅ่ฑๆฐจ้ธ,,136442752,็ท,15ๅนด,2021/03/08,2021/03/23
ๅๅณ๐,,1690881588,ๅฅณ,8ๅนด,2021/03/08,2021/04/01
๐ช๐ป๐ช๐ผ๐ช๐ฝ๐ช๐พ,,1397688599,ๆช็ฅ,10ๅนด,2021/03/08,2021/03/08
Borna_,,1294232899,็ท,12ๅนด,2021/03/09,2021/03/09
TiAmo,,1348602377,ๅฅณ,12ๅนด,2021/03/12,2021/03/12
ๆขๅญ,,674996578,ๅฅณ,14ๅนด,2021/03/12,2021/04/15
๐,,1605974164,ๆช็ฅ,11ๅนด,2021/03/12,2021/04/18
Moonshine,,2278282924,ๅฅณ,9ๅนด,2021/03/12,2021/03/12
ๅฃฎๅฃซ,,1360381509,็ท,9ๅนด,2021/03/12,2021/03/12
ไผ้็ๅบ็ฌ๐ฆ,,1040801939,ๆช็ฅ,11ๅนด,2021/03/12,2021/03/12
Moon,,1477161750,ๅฅณ,4ๅนด,2021/03/12,2021/04/14
ไฝ่ฏด,,2232037053,ๅฅณ,9ๅนด,2021/03/13,2021/03/14
็ฌ้,,1225378664,ๅฅณ,12ๅนด,2021/03/13,2021/04/07
็บธ็โๅๅฟ,,2433539480,็ท,9ๅนด,2021/03/13,2021/03/13
โซย้ฃๆฌ้ๆฅ,,331350675,็ท,12ๅนด,2021/03/13,2021/03/13
๐๐ง,,695323378,ๆช็ฅ,11ๅนด,2021/03/13,2021/03/13
็ถไน,,664198488,็ท,12ๅนด,2021/03/14,2021/03/22
้ฟๅๅปๆไธญ,,3120683225,ๅฅณ,5ๅนด,2021/03/14,2021/03/14
Sunny,่ฝฏๅทฅ,2029408139,็ท,8ๅนด,2021/03/14,2021/03/20
Fatterjay,,2433494378,ๅฅณ,9ๅนด,2021/03/14,2021/03/20
ZHAOๆๆใ,,2254272622,ๅฅณ,8ๅนด,2021/03/15,2021/03/15
-_-,,462382453,ๅฅณ,16ๅนด,2021/03/15,2021/03/28
็ดๅญ้,,903627819,ๅฅณ,13ๅนด,2021/03/15,2021/03/15
seeยuยagain,,291483290,ๅฅณ,13ๅนด,2021/03/15,2021/03/15
"ย""ๅฅๆ_",,707289111,ๅฅณ,15ๅนด,2021/03/15,2021/03/30
้ๆฉๆๆฒก้็,,1024599903,็ท,12ๅนด,2021/03/15,2021/03/15
neverยsayยneverโจ,,1178050540,ๅฅณ,12ๅนด,2021/03/15,2021/03/15
ๆดๆด,,2624253621,ๅฅณ,8ๅนด,2021/03/15,2021/04/24
~ๆฐด*็ฒ*็~,070502ไบบๆๅฐ็,837246436,ๅฅณ,13ๅนด,2021/03/15,2021/03/23
Inspiration,,1931027169,ๅฅณ,7ๅนด,2021/03/15,2021/03/15
ไฝๆฌขๅๆ,,1946567051,ๅฅณ,6ๅนด,2021/03/16,2021/03/26
ๅๅคซไธ่,,2421212357,ๅฅณ,10ๅนด,2021/03/16,2021/03/22
ๆฎๆ,,884662927,็ท,10ๅนด,2021/03/16,2021/03/16
baseline,,2870738344,ๆช็ฅ,8ๅนด,2021/03/16,2021/04/19
luckyยdog,,2660489276,็ท,9ๅนด,2021/03/17,2021/03/28
ใ,,1965150412,ๅฅณ,10ๅนด,2021/03/17,2021/03/17
ๆจๆจ,,1028877297,็ท,12ๅนด,2021/03/17,2021/03/17
fxx,,1067901666,ๅฅณ,13ๅนด,2021/03/17,2021/03/17
Justใ,,1078427384,ๆช็ฅ,13ๅนด,2021/03/19,2021/03/19
ไฝๅ,,2985264406,ๅฅณ,7ๅนด,2021/03/19,2021/04/07
memeยmeme,,1906874112,ๅฅณ,8ๅนด,2021/04/08,2021/09/24
่ซ้ฎๅ็จ,,2640472254,ๅฅณ,7ๅนด,2021/09/04,2021/10/21
